#pragma once
/*
    #version:1# (machine generated, don't edit!)

    Generated by sokol-shdc (https://github.com/floooh/sokol-tools)

    Overview:
    =========
    Shader program: 'model':
        Get shader desc: model_shader_desc(sg_query_backend());
        Vertex Shader: vs
        Fragment Shader: fs
        Attributes:
            ATTR_model_position => 0
            ATTR_model_normal => 1
            ATTR_model_texcoord0 => 2
            ATTR_model_texcoord1 => 3
            ATTR_model_tangent => 4
            ATTR_model_color0 => 5
    Bindings:
        Uniform block 'vs_params':
            C struct: vs_params_t
            Bind slot: UB_vs_params => 0
        Uniform block 'fs_scene':
            C struct: fs_scene_t
            Bind slot: UB_fs_scene => 2
        Uniform block 'fs_params':
            C struct: fs_params_t
            Bind slot: UB_fs_params => 1
        Uniform block 'fs_lights':
            C struct: fs_lights_t
            Bind slot: UB_fs_lights => 3
        Texture 'shadow_tex':
            Image type: SG_IMAGETYPE_ARRAY
            Sample type: SG_IMAGESAMPLETYPE_DEPTH
            Multisampled: false
            Bind slot: VIEW_shadow_tex => 8
        Texture 'base_color_tex':
            Image type: SG_IMAGETYPE_2D
            Sample type: SG_IMAGESAMPLETYPE_FLOAT
            Multisampled: false
            Bind slot: VIEW_base_color_tex => 0
        Texture 'normal_tex':
            Image type: SG_IMAGETYPE_2D
            Sample type: SG_IMAGESAMPLETYPE_FLOAT
            Multisampled: false
            Bind slot: VIEW_normal_tex => 2
        Texture 'metallic_roughness_tex':
            Image type: SG_IMAGETYPE_2D
            Sample type: SG_IMAGESAMPLETYPE_FLOAT
            Multisampled: false
            Bind slot: VIEW_metallic_roughness_tex => 1
        Texture 'occlusion_tex':
            Image type: SG_IMAGETYPE_2D
            Sample type: SG_IMAGESAMPLETYPE_FLOAT
            Multisampled: false
            Bind slot: VIEW_occlusion_tex => 3
        Texture 'emissive_tex':
            Image type: SG_IMAGETYPE_2D
            Sample type: SG_IMAGESAMPLETYPE_FLOAT
            Multisampled: false
            Bind slot: VIEW_emissive_tex => 4
        Sampler 'shadow_smp':
            Type: SG_SAMPLERTYPE_COMPARISON
            Bind slot: SMP_shadow_smp => 8
        Sampler 'base_color_smp':
            Type: SG_SAMPLERTYPE_FILTERING
            Bind slot: SMP_base_color_smp => 0
        Sampler 'normal_smp':
            Type: SG_SAMPLERTYPE_FILTERING
            Bind slot: SMP_normal_smp => 2
        Sampler 'metallic_roughness_smp':
            Type: SG_SAMPLERTYPE_FILTERING
            Bind slot: SMP_metallic_roughness_smp => 1
        Sampler 'occlusion_smp':
            Type: SG_SAMPLERTYPE_FILTERING
            Bind slot: SMP_occlusion_smp => 3
        Sampler 'emissive_smp':
            Type: SG_SAMPLERTYPE_FILTERING
            Bind slot: SMP_emissive_smp => 4
*/
#if !defined(SOKOL_GFX_INCLUDED)
#error "Please include sokol_gfx.h before wgf_gfx_model.glsl.h"
#endif
#if !defined(SOKOL_SHDC_ALIGN)
#if defined(_MSC_VER)
#define SOKOL_SHDC_ALIGN(a) __declspec(align(a))
#else
#define SOKOL_SHDC_ALIGN(a) __attribute__((aligned(a)))
#endif
#endif
#define ATTR_model_position (0)
#define ATTR_model_normal (1)
#define ATTR_model_texcoord0 (2)
#define ATTR_model_texcoord1 (3)
#define ATTR_model_tangent (4)
#define ATTR_model_color0 (5)
#define UB_vs_params (0)
#define UB_fs_scene (2)
#define UB_fs_params (1)
#define UB_fs_lights (3)
#define VIEW_shadow_tex (8)
#define VIEW_base_color_tex (0)
#define VIEW_normal_tex (2)
#define VIEW_metallic_roughness_tex (1)
#define VIEW_occlusion_tex (3)
#define VIEW_emissive_tex (4)
#define SMP_shadow_smp (8)
#define SMP_base_color_smp (0)
#define SMP_normal_smp (2)
#define SMP_metallic_roughness_smp (1)
#define SMP_occlusion_smp (3)
#define SMP_emissive_smp (4)
#pragma pack(push,1)
SOKOL_SHDC_ALIGN(16) typedef struct vs_params_t {
    float mvp[16];
    float model[16];
    float normal_mat[16];
    float extra[4];
} vs_params_t;
#pragma pack(pop)
#pragma pack(push,1)
SOKOL_SHDC_ALIGN(16) typedef struct fs_scene_t {
    float u_camera_pos[4];
    float u_ambient[4];
    float u_tonemap[4];
    float u_shadow_mat[4][16];
    float u_shadow_params[4][4];
    float u_shadow_tint[4][4];
    float u_shadow_extra[4][4];
    float u_shadow_map[4];
} fs_scene_t;
#pragma pack(pop)
#pragma pack(push,1)
SOKOL_SHDC_ALIGN(16) typedef struct fs_params_t {
    float u_base_color[4];
    float u_emissive[4];
    float u_pbr[4];
    float u_material[4];
    float u_uv_row0[5][4];
    float u_uv_row1[5][4];
} fs_params_t;
#pragma pack(pop)
#pragma pack(push,1)
SOKOL_SHDC_ALIGN(16) typedef struct fs_lights_t {
    float u_light_pos_range[8][4];
    float u_light_dir_type[8][4];
    float u_light_radiance[8][4];
    float u_light_spot[8][4];
} fs_lights_t;
#pragma pack(pop)
/*
    #version 410

    uniform vec4 vs_params[13];
    layout(location = 0) in vec3 position;
    layout(location = 0) out vec3 v_normal;
    layout(location = 1) in vec3 normal;
    layout(location = 1) out vec4 v_tangent;
    layout(location = 4) in vec4 tangent;
    layout(location = 2) out vec2 v_uv0;
    layout(location = 2) in vec2 texcoord0;
    layout(location = 3) out vec2 v_uv1;
    layout(location = 3) in vec2 texcoord1;
    layout(location = 4) out vec4 v_color;
    layout(location = 5) in vec4 color0;
    layout(location = 5) out vec3 v_world_pos;

    void main()
    {
        mat4 _18 = mat4(vs_params[4], vs_params[5], vs_params[6], vs_params[7]);
        vec4 _27 = vec4(position, 1.0);
        gl_Position = mat4(vs_params[0], vs_params[1], vs_params[2], vs_params[3]) * _27;
        mat4 _50 = mat4(vs_params[8], vs_params[9], vs_params[10], vs_params[11]);
        v_normal = mat3(_50[0].xyz, _50[1].xyz, _50[2].xyz) * normal;
        v_tangent = vec4(mat3(_18[0].xyz, _18[1].xyz, _18[2].xyz) * tangent.xyz, tangent.w * vs_params[12].x);
        v_uv0 = texcoord0;
        v_uv1 = texcoord1;
        v_color = color0;
        v_world_pos = (_18 * _27).xyz;
    }

*/
#if defined(SOKOL_GLCORE)
static const uint8_t vs_source_glsl410[1083] = {
    0x23,0x76,0x65,0x72,0x73,0x69,0x6f,0x6e,0x20,0x34,0x31,0x30,0x0a,0x0a,0x75,0x6e,
    0x69,0x66,0x6f,0x72,0x6d,0x20,0x76,0x65,0x63,0x34,0x20,0x76,0x73,0x5f,0x70,0x61,
    0x72,0x61,0x6d,0x73,0x5b,0x31,0x33,0x5d,0x3b,0x0a,0x6c,0x61,0x79,0x6f,0x75,0x74,
    0x28,0x6c,0x6f,0x63,0x61,0x74,0x69,0x6f,0x6e,0x20,0x3d,0x20,0x30,0x29,0x20,0x69,
    0x6e,0x20,0x76,0x65,0x63,0x33,0x20,0x70,0x6f,0x73,0x69,0x74,0x69,0x6f,0x6e,0x3b,
    0x0a,0x6c,0x61,0x79,0x6f,0x75,0x74,0x28,0x6c,0x6f,0x63,0x61,0x74,0x69,0x6f,0x6e,
    0x20,0x3d,0x20,0x30,0x29,0x20,0x6f,0x75,0x74,0x20,0x76,0x65,0x63,0x33,0x20,0x76,
    0x5f,0x6e,0x6f,0x72,0x6d,0x61,0x6c,0x3b,0x0a,0x6c,0x61,0x79,0x6f,0x75,0x74,0x28,
    0x6c,0x6f,0x63,0x61,0x74,0x69,0x6f,0x6e,0x20,0x3d,0x20,0x31,0x29,0x20,0x69,0x6e,
    0x20,0x76,0x65,0x63,0x33,0x20,0x6e,0x6f,0x72,0x6d,0x61,0x6c,0x3b,0x0a,0x6c,0x61,
    0x79,0x6f,0x75,0x74,0x28,0x6c,0x6f,0x63,0x61,0x74,0x69,0x6f,0x6e,0x20,0x3d,0x20,
    0x31,0x29,0x20,0x6f,0x75,0x74,0x20,0x76,0x65,0x63,0x34,0x20,0x76,0x5f,0x74,0x61,
    0x6e,0x67,0x65,0x6e,0x74,0x3b,0x0a,0x6c,0x61,0x79,0x6f,0x75,0x74,0x28,0x6c,0x6f,
    0x63,0x61,0x74,0x69,0x6f,0x6e,0x20,0x3d,0x20,0x34,0x29,0x20,0x69,0x6e,0x20,0x76,
    0x65,0x63,0x34,0x20,0x74,0x61,0x6e,0x67,0x65,0x6e,0x74,0x3b,0x0a,0x6c,0x61,0x79,
    0x6f,0x75,0x74,0x28,0x6c,0x6f,0x63,0x61,0x74,0x69,0x6f,0x6e,0x20,0x3d,0x20,0x32,
    0x29,0x20,0x6f,0x75,0x74,0x20,0x76,0x65,0x63,0x32,0x20,0x76,0x5f,0x75,0x76,0x30,
    0x3b,0x0a,0x6c,0x61,0x79,0x6f,0x75,0x74,0x28,0x6c,0x6f,0x63,0x61,0x74,0x69,0x6f,
    0x6e,0x20,0x3d,0x20,0x32,0x29,0x20,0x69,0x6e,0x20,0x76,0x65,0x63,0x32,0x20,0x74,
    0x65,0x78,0x63,0x6f,0x6f,0x72,0x64,0x30,0x3b,0x0a,0x6c,0x61,0x79,0x6f,0x75,0x74,
    0x28,0x6c,0x6f,0x63,0x61,0x74,0x69,0x6f,0x6e,0x20,0x3d,0x20,0x33,0x29,0x20,0x6f,
    0x75,0x74,0x20,0x76,0x65,0x63,0x32,0x20,0x76,0x5f,0x75,0x76,0x31,0x3b,0x0a,0x6c,
    0x61,0x79,0x6f,0x75,0x74,0x28,0x6c,0x6f,0x63,0x61,0x74,0x69,0x6f,0x6e,0x20,0x3d,
    0x20,0x33,0x29,0x20,0x69,0x6e,0x20,0x76,0x65,0x63,0x32,0x20,0x74,0x65,0x78,0x63,
    0x6f,0x6f,0x72,0x64,0x31,0x3b,0x0a,0x6c,0x61,0x79,0x6f,0x75,0x74,0x28,0x6c,0x6f,
    0x63,0x61,0x74,0x69,0x6f,0x6e,0x20,0x3d,0x20,0x34,0x29,0x20,0x6f,0x75,0x74,0x20,
    0x76,0x65,0x63,0x34,0x20,0x76,0x5f,0x63,0x6f,0x6c,0x6f,0x72,0x3b,0x0a,0x6c,0x61,
    0x79,0x6f,0x75,0x74,0x28,0x6c,0x6f,0x63,0x61,0x74,0x69,0x6f,0x6e,0x20,0x3d,0x20,
    0x35,0x29,0x20,0x69,0x6e,0x20,0x76,0x65,0x63,0x34,0x20,0x63,0x6f,0x6c,0x6f,0x72,
    0x30,0x3b,0x0a,0x6c,0x61,0x79,0x6f,0x75,0x74,0x28,0x6c,0x6f,0x63,0x61,0x74,0x69,
    0x6f,0x6e,0x20,0x3d,0x20,0x35,0x29,0x20,0x6f,0x75,0x74,0x20,0x76,0x65,0x63,0x33,
    0x20,0x76,0x5f,0x77,0x6f,0x72,0x6c,0x64,0x5f,0x70,0x6f,0x73,0x3b,0x0a,0x0a,0x76,
    0x6f,0x69,0x64,0x20,0x6d,0x61,0x69,0x6e,0x28,0x29,0x0a,0x7b,0x0a,0x20,0x20,0x20,
    0x20,0x6d,0x61,0x74,0x34,0x20,0x5f,0x31,0x38,0x20,0x3d,0x20,0x6d,0x61,0x74,0x34,
    0x28,0x76,0x73,0x5f,0x70,0x61,0x72,0x61,0x6d,0x73,0x5b,0x34,0x5d,0x2c,0x20,0x76,
    0x73,0x5f,0x70,0x61,0x72,0x61,0x6d,0x73,0x5b,0x35,0x5d,0x2c,0x20,0x76,0x73,0x5f,
    0x70,0x61,0x72,0x61,0x6d,0x73,0x5b,0x36,0x5d,0x2c,0x20,0x76,0x73,0x5f,0x70,0x61,
    0x72,0x61,0x6d,0x73,0x5b,0x37,0x5d,0x29,0x3b,0x0a,0x20,0x20,0x20,0x20,0x76,0x65,
    0x63,0x34,0x20,0x5f,0x32,0x37,0x20,0x3d,0x20,0x76,0x65,0x63,0x34,0x28,0x70,0x6f,
    0x73,0x69,0x74,0x69,0x6f,0x6e,0x2c,0x20,0x31,0x2e,0x30,0x29,0x3b,0x0a,0x20,0x20,
    0x20,0x20,0x67,0x6c,0x5f,0x50,0x6f,0x73,0x69,0x74,0x69,0x6f,0x6e,0x20,0x3d,0x20,
    0x6d,0x61,0x74,0x34,0x28,0x76,0x73,0x5f,0x70,0x61,0x72,0x61,0x6d,0x73,0x5b,0x30,
    0x5d,0x2c,0x20,0x76,0x73,0x5f,0x70,0x61,0x72,0x61,0x6d,0x73,0x5b,0x31,0x5d,0x2c,
    0x20,0x76,0x73,0x5f,0x70,0x61,0x72,0x61,0x6d,0x73,0x5b,0x32,0x5d,0x2c,0x20,0x76,
    0x73,0x5f,0x70,0x61,0x72,0x61,0x6d,0x73,0x5b,0x33,0x5d,0x29,0x20,0x2a,0x20,0x5f,
    0x32,0x37,0x3b,0x0a,0x20,0x20,0x20,0x20,0x6d,0x61,0x74,0x34,0x20,0x5f,0x35,0x30,
    0x20,0x3d,0x20,0x6d,0x61,0x74,0x34,0x28,0x76,0x73,0x5f,0x70,0x61,0x72,0x61,0x6d,
    0x73,0x5b,0x38,0x5d,0x2c,0x20,0x76,0x73,0x5f,0x70,0x61,0x72,0x61,0x6d,0x73,0x5b,
    0x39,0x5d,0x2c,0x20,0x76,0x73,0x5f,0x70,0x61,0x72,0x61,0x6d,0x73,0x5b,0x31,0x30,
    0x5d,0x2c,0x20,0x76,0x73,0x5f,0x70,0x61,0x72,0x61,0x6d,0x73,0x5b,0x31,0x31,0x5d,
    0x29,0x3b,0x0a,0x20,0x20,0x20,0x20,0x76,0x5f,0x6e,0x6f,0x72,0x6d,0x61,0x6c,0x20,
    0x3d,0x20,0x6d,0x61,0x74,0x33,0x28,0x5f,0x35,0x30,0x5b,0x30,0x5d,0x2e,0x78,0x79,
    0x7a,0x2c,0x20,0x5f,0x35,0x30,0x5b,0x31,0x5d,0x2e,0x78,0x79,0x7a,0x2c,0x20,0x5f,
    0x35,0x30,0x5b,0x32,0x5d,0x2e,0x78,0x79,0x7a,0x29,0x20,0x2a,0x20,0x6e,0x6f,0x72,
    0x6d,0x61,0x6c,0x3b,0x0a,0x20,0x20,0x20,0x20,0x76,0x5f,0x74,0x61,0x6e,0x67,0x65,
    0x6e,0x74,0x20,0x3d,0x20,0x76,0x65,0x63,0x34,0x28,0x6d,0x61,0x74,0x33,0x28,0x5f,
    0x31,0x38,0x5b,0x30,0x5d,0x2e,0x78,0x79,0x7a,0x2c,0x20,0x5f,0x31,0x38,0x5b,0x31,
    0x5d,0x2e,0x78,0x79,0x7a,0x2c,0x20,0x5f,0x31,0x38,0x5b,0x32,0x5d,0x2e,0x78,0x79,
    0x7a,0x29,0x20,0x2a,0x20,0x74,0x61,0x6e,0x67,0x65,0x6e,0x74,0x2e,0x78,0x79,0x7a,
    0x2c,0x20,0x74,0x61,0x6e,0x67,0x65,0x6e,0x74,0x2e,0x77,0x20,0x2a,0x20,0x76,0x73,
    0x5f,0x70,0x61,0x72,0x61,0x6d,0x73,0x5b,0x31,0x32,0x5d,0x2e,0x78,0x29,0x3b,0x0a,
    0x20,0x20,0x20,0x20,0x76,0x5f,0x75,0x76,0x30,0x20,0x3d,0x20,0x74,0x65,0x78,0x63,
    0x6f,0x6f,0x72,0x64,0x30,0x3b,0x0a,0x20,0x20,0x20,0x20,0x76,0x5f,0x75,0x76,0x31,
    0x20,0x3d,0x20,0x74,0x65,0x78,0x63,0x6f,0x6f,0x72,0x64,0x31,0x3b,0x0a,0x20,0x20,
    0x20,0x20,0x76,0x5f,0x63,0x6f,0x6c,0x6f,0x72,0x20,0x3d,0x20,0x63,0x6f,0x6c,0x6f,
    0x72,0x30,0x3b,0x0a,0x20,0x20,0x20,0x20,0x76,0x5f,0x77,0x6f,0x72,0x6c,0x64,0x5f,
    0x70,0x6f,0x73,0x20,0x3d,0x20,0x28,0x5f,0x31,0x38,0x20,0x2a,0x20,0x5f,0x32,0x37,
    0x29,0x2e,0x78,0x79,0x7a,0x3b,0x0a,0x7d,0x0a,0x0a,0x00,
};
#endif
/*
    #version 410

    uniform vec4 fs_scene[32];
    uniform vec4 fs_params[14];
    uniform vec4 fs_lights[32];
    uniform sampler2D base_color_tex_base_color_smp;
    uniform sampler2D normal_tex_normal_smp;
    uniform sampler2D metallic_roughness_tex_metallic_roughness_smp;
    uniform sampler2D occlusion_tex_occlusion_smp;
    uniform sampler2DArrayShadow shadow_tex_shadow_smp;
    uniform sampler2D emissive_tex_emissive_smp;

    layout(location = 2) in vec2 v_uv0;
    layout(location = 3) in vec2 v_uv1;
    layout(location = 4) in vec4 v_color;
    layout(location = 0) out vec4 frag_color;
    layout(location = 0) in vec3 v_normal;
    layout(location = 1) in vec4 v_tangent;
    layout(location = 5) in vec3 v_world_pos;

    vec2 tex_uv(int i)
    {
        bvec2 _275 = bvec2(fs_params[i * 1 + 4].w < 0.5);
        vec3 _279 = vec3(vec2(_275.x ? v_uv0.x : v_uv1.x, _275.y ? v_uv0.y : v_uv1.y), 1.0);
        return vec2(dot(fs_params[i * 1 + 4].xyz, _279), dot(fs_params[i * 1 + 9].xyz, _279));
    }

    vec3 srgb_to_linear(vec3 c)
    {
        return mix(c * vec3(0.077399380505084991455078125), pow((max(c, vec3(0.040449999272823333740234375)) + vec3(0.054999999701976776123046875)) * vec3(0.947867333889007568359375), vec3(2.400000095367431640625)), step(vec3(0.040449999272823333740234375), c));
    }

    vec3 tonemap_neutral(inout vec3 color)
    {
        float _116 = min(color.x, min(color.y, color.z));
        float _122;
        if (_116 < 0.07999999821186065673828125)
        {
            _122 = _116 - ((6.25 * _116) * _116);
        }
        else
        {
            _122 = 0.039999999105930328369140625;
        }
        color -= vec3(_122);
        float _141 = color.x;
        float _143 = color.y;
        float _145 = color.z;
        float _147 = max(_141, max(_143, _145));
        if (_147 < 0.7599999904632568359375)
        {
            return color;
        }
        float _162 = 1.0 - (0.057599999010562896728515625 / (_147 + (-0.519999980926513671875)));
        color *= (_162 / _147);
        return mix(color, vec3(_162), vec3(1.0 - (1.0 / ((0.1500000059604644775390625 * (_147 - _162)) + 1.0))));
    }

    vec3 tonemap_aces(inout vec3 color)
    {
        color *= 0.60000002384185791015625;
        return clamp((color * ((color * 2.5099999904632568359375) + vec3(0.02999999932944774627685546875))) / ((color * ((color * 2.4300000667572021484375) + vec3(0.589999973773956298828125))) + vec3(0.14000000059604644775390625)), vec3(0.0), vec3(1.0));
    }

    vec3 linear_to_srgb(inout vec3 c)
    {
        c = clamp(c, vec3(0.0), vec3(1.0));
        return mix(c * 12.9200000762939453125, (pow(max(c, vec3(0.003130800090730190277099609375)), vec3(0.4166666567325592041015625)) * 1.05499994754791259765625) - vec3(0.054999999701976776123046875), step(vec3(0.003130800090730190277099609375), c));
    }

    vec3 to_display(inout vec3 color)
    {
        color *= fs_scene[2].y;
        int _234 = int(fs_scene[2].x + 0.5);
        if (_234 == 1)
        {
            vec3 param = color;
            vec3 _242 = tonemap_neutral(param);
            color = _242;
        }
        else
        {
            if (_234 == 2)
            {
                vec3 param_1 = color;
                vec3 _250 = tonemap_aces(param_1);
                color = _250;
            }
        }
        vec3 param_2 = color;
        vec3 _253 = linear_to_srgb(param_2);
        return _253;
    }

    float attenuation(float d, float range)
    {
        float _303 = 1.0 / max(d * d, 0.00999999977648258209228515625);
        if (range <= 0.0)
        {
            return _303;
        }
        float _313 = d / range;
        float _323 = clamp(1.0 - (((_313 * _313) * _313) * _313), 0.0, 1.0);
        return (_323 * _323) * _303;
    }

    float spot_factor(float cos_angle, float cos_inner, float cos_outer)
    {
        if ((cos_inner - cos_outer) <= 9.9999999747524270787835121154785e-07)
        {
            return float(cos_angle >= cos_outer);
        }
        return smoothstep(cos_outer, cos_inner, cos_angle);
    }

    float shadow_factor(int slot, vec3 world_pos, vec3 n, float n_dot_l)
    {
        if (fs_params[3].z < 0.5)
        {
            return 1.0;
        }
        float _359 = 1.0 - clamp(n_dot_l, 0.0, 1.0);
        vec4 _382 = mat4(fs_scene[slot * 4 + 3], fs_scene[slot * 4 + 4], fs_scene[slot * 4 + 5], fs_scene[slot * 4 + 6]) * vec4(world_pos + (n * (fs_scene[slot * 1 + 19].y * (1.0 + (2.0 * _359)))), 1.0);
        float _387 = _382.w;
        vec3 _395 = (_382.xyz / vec3(max(abs(_387), 9.9999999747524270787835121154785e-07))) * sign(_387);
        vec2 _399 = _395.xy;
        vec2 uv = (_399 * 0.5) + vec2(0.5);
        if (fs_scene[31].x > 0.5)
        {
            vec2 _1123 = uv;
            _1123.y = 1.0 - _1123.y;
            uv = _1123;
        }
        float _422 = fs_scene[slot * 1 + 19].z + (fs_scene[slot * 1 + 19].w * _359);
        float _430 = _395.z;
        float _443 = max(fs_scene[slot * 1 + 27].y, 9.9999997473787516355514526367188e-05);
        float _450 = max(fs_scene[slot * 1 + 27].z, _443 + 0.001000000047497451305389404296875);
        float _455 = (2.0 * _443) * _450;
        float _458 = _450 + _443;
        float _463 = _450 - _443;
        float _467 = _455 / max(_458 - (_430 * _463), 9.9999999747524270787835121154785e-07);
        float _505 = mix(((_430 * 0.5) + 0.5) - (_422 * fs_scene[slot * 1 + 23].w), (((_458 - (_455 / max(_467 - ((_422 * fs_scene[slot * 1 + 19].y) * (_467 / _450)), _443))) / _463) * 0.5) + 0.5, step(0.5, fs_scene[slot * 1 + 27].w));
        vec2 _511 = vec2(1.0) - abs(_399);
        float _517 = min(_511.x, _511.y);
        vec2 _548 = clamp(uv, vec2(fs_scene[slot * 1 + 19].x), vec2(1.0 - fs_scene[slot * 1 + 19].x));
        float lit = 0.0;
        for (int y = -1; y <= 1; y++)
        {
            for (int x = -1; x <= 1; x++)
            {
                float _590 = clamp(_505, 0.0, 1.0);
                lit += texture(shadow_tex_shadow_smp, vec4(vec4(_548 + (vec2(float(x), float(y)) * fs_scene[slot * 1 + 19].x), float(slot), _590).xyz, _590));
            }
        }
        return mix(1.0, lit * 0.111111111938953399658203125, (clamp(_517 * 10.0, 0.0, 1.0) * ((step(0.0, _517) * step(_505, 1.0)) * step(0.0, _387))) * fs_scene[slot * 1 + 27].x);
    }

    void main()
    {
        int param = 0;
        vec4 _625 = texture(base_color_tex_base_color_smp, tex_uv(param));
        vec3 param_1 = _625.xyz;
        vec4 _643 = (vec4(srgb_to_linear(param_1), _625.w) * fs_params[0]) * v_color;
        float _645 = _643.w;
        if (_645 < fs_params[3].x)
        {
            discard;
        }
        if (fs_params[2].w < 0.5)
        {
            vec3 param_2 = _643.xyz;
            vec3 _662 = to_display(param_2);
            frag_color = vec4(_662, _645);
            return;
        }
        vec3 _674 = normalize(v_normal);
        vec3 n = _674;
        vec3 _685 = v_tangent.xyz - (_674 * dot(_674, v_tangent.xyz));
        vec3 t = _685;
        if (dot(_685, _685) > 9.9999999392252902907785028219223e-09)
        {
            vec3 _699 = t;
            vec3 _700 = normalize(_699);
            t = _700;
            int param_3 = 2;
            vec3 _721 = (texture(normal_tex_normal_smp, tex_uv(param_3)).xyz * 2.0) - vec3(1.0);
            vec2 _726 = _721.xy * fs_params[1].w;
            vec3 _1115 = _721;
            _1115.x = _726.x;
            _1115.y = _726.y;
            n = normalize(mat3(t, cross(n, _700) * v_tangent.w, n) * _1115);
        }
        n *= (gl_FrontFacing ? 1.0 : (-1.0));
        int param_4 = 1;
        vec4 _762 = texture(metallic_roughness_tex_metallic_roughness_smp, tex_uv(param_4));
        float _770 = clamp(fs_params[2].x * _762.z, 0.0, 1.0);
        float _777 = clamp(fs_params[2].y * _762.y, 0.02999999932944774627685546875, 1.0);
        float _781 = _777 * _777;
        float _785 = _781 * _781;
        vec3 _789 = _643.xyz;
        vec3 _792 = mix(vec3(0.039999999105930328369140625), _789, vec3(_770));
        vec3 _798 = _789 * (1.0 - _770);
        vec3 _806 = normalize(fs_scene[0].xyz - v_world_pos);
        float _812 = clamp(abs(dot(n, _806)), 9.9999997473787516355514526367188e-05, 1.0);
        int param_5 = 3;
        vec3 color = (fs_scene[1].xyz * (_798 + _792)) * (1.0 + (fs_params[2].z * (texture(occlusion_tex_occlusion_smp, tex_uv(param_5)).x - 1.0)));
        int _841 = int(fs_params[3].y);
        vec3 light_dir;
        vec3 _895;
        for (int i = 0; i < 8; i++)
        {
            if (i >= _841)
            {
                break;
            }
            float falloff = 1.0;
            int _871 = int(fs_lights[i * 1 + 8].w + 0.5);
            if (_871 == 0)
            {
                light_dir = normalize(fs_lights[i * 1 + 8].xyz);
            }
            else
            {
                vec3 _889 = v_world_pos - fs_lights[i * 1 + 0].xyz;
                float _892 = length(_889);
                if (_892 > 9.9999999747524270787835121154785e-07)
                {
                    _895 = _889 / vec3(_892);
                }
                else
                {
                    _895 = vec3(0.0, -1.0, 0.0);
                }
                light_dir = _895;
                float param_6 = _892;
                float param_7 = fs_lights[i * 1 + 0].w;
                falloff = attenuation(param_6, param_7);
                if (_871 == 2)
                {
                    float param_8 = dot(light_dir, normalize(fs_lights[i * 1 + 8].xyz));
                    float param_9 = fs_lights[i * 1 + 24].x;
                    float param_10 = fs_lights[i * 1 + 24].y;
                    falloff *= spot_factor(param_8, param_9, param_10);
                }
            }
            vec3 _937 = -light_dir;
            float _941 = dot(n, _937);
            if ((_941 <= 0.0) || (falloff <= 0.0))
            {
                continue;
            }
            vec3 _954 = normalize(_937 + _806);
            float _959 = clamp(dot(n, _954), 0.0, 1.0);
            vec3 _975 = _792 + ((vec3(1.0) - _792) * pow(1.0 - clamp(dot(_806, _954), 0.0, 1.0), 5.0));
            float _983 = ((_959 * _959) * (_785 - 1.0)) + 1.0;
            float _998 = 1.0 - _785;
            int _1040 = int(fs_lights[i * 1 + 24].z);
            if (_1040 >= 0)
            {
                int param_11 = _1040;
                vec3 param_12 = v_world_pos;
                vec3 param_13 = n;
                float param_14 = _941;
                float _1054 = shadow_factor(param_11, param_12, param_13, param_14);
                color += ((fs_scene[_1040 * 1 + 23].xyz * (1.0 - _1054)) * _798);
                falloff *= _1054;
            }
            color += (((fs_lights[i * 1 + 16].xyz * falloff) * _941) * ((((vec3(1.0) - _975) * _798) * vec3(0.3183098733425140380859375)) + ((_975 * (_785 / ((3.1415927410125732421875 * _983) * _983))) * (0.5 / max((_941 * sqrt(((_812 * _812) * _998) + _785)) + (_812 * sqrt(((_941 * _941) * _998) + _785)), 9.9999999747524270787835121154785e-07)))));
        }
        int param_15 = 4;
        vec3 param_16 = texture(emissive_tex_emissive_smp, tex_uv(param_15)).xyz;
        vec3 _1100 = color;
        vec3 _1101 = _1100 + (fs_params[1].xyz * srgb_to_linear(param_16));
        color = _1101;
        vec3 param_17 = _1101;
        vec3 _1104 = to_display(param_17);
        frag_color = vec4(_1104, _645);
    }

*/
#if defined(SOKOL_GLCORE)
static const uint8_t fs_source_glsl410[10400] = {
    0x23,0x76,0x65,0x72,0x73,0x69,0x6f,0x6e,0x20,0x34,0x31,0x30,0x0a,0x0a,0x75,0x6e,
    0x69,0x66,0x6f,0x72,0x6d,0x20,0x76,0x65,0x63,0x34,0x20,0x66,0x73,0x5f,0x73,0x63,
    0x65,0x6e,0x65,0x5b,0x33,0x32,0x5d,0x3b,0x0a,0x75,0x6e,0x69,0x66,0x6f,0x72,0x6d,
    0x20,0x76,0x65,0x63,0x34,0x20,0x66,0x73,0x5f,0x70,0x61,0x72,0x61,0x6d,0x73,0x5b,
    0x31,0x34,0x5d,0x3b,0x0a,0x75,0x6e,0x69,0x66,0x6f,0x72,0x6d,0x20,0x76,0x65,0x63,
    0x34,0x20,0x66,0x73,0x5f,0x6c,0x69,0x67,0x68,0x74,0x73,0x5b,0x33,0x32,0x5d,0x3b,
    0x0a,0x75,0x6e,0x69,0x66,0x6f,0x72,0x6d,0x20,0x73,0x61,0x6d,0x70,0x6c,0x65,0x72,
    0x32,0x44,0x20,0x62,0x61,0x73,0x65,0x5f,0x63,0x6f,0x6c,0x6f,0x72,0x5f,0x74,0x65,
    0x78,0x5f,0x62,0x61,0x73,0x65,0x5f,0x63,0x6f,0x6c,0x6f,0x72,0x5f,0x73,0x6d,0x70,
    0x3b,0x0a,0x75,0x6e,0x69,0x66,0x6f,0x72,0x6d,0x20,0x73,0x61,0x6d,0x70,0x6c,0x65,
    0x72,0x32,0x44,0x20,0x6e,0x6f,0x72,0x6d,0x61,0x6c,0x5f,0x74,0x65,0x78,0x5f,0x6e,
    0x6f,0x72,0x6d,0x61,0x6c,0x5f,0x73,0x6d,0x70,0x3b,0x0a,0x75,0x6e,0x69,0x66,0x6f,
    0x72,0x6d,0x20,0x73,0x61,0x6d,0x70,0x6c,0x65,0x72,0x32,0x44,0x20,0x6d,0x65,0x74,
    0x61,0x6c,0x6c,0x69,0x63,0x5f,0x72,0x6f,0x75,0x67,0x68,0x6e,0x65,0x73,0x73,0x5f,
    0x74,0x65,0x78,0x5f,0x6d,0x65,0x74,0x61,0x6c,0x6c,0x69,0x63,0x5f,0x72,0x6f,0x75,
    0x67,0x68,0x6e,0x65,0x73,0x73,0x5f,0x73,0x6d,0x70,0x3b,0x0a,0x75,0x6e,0x69,0x66,
    0x6f,0x72,0x6d,0x20,0x73,0x61,0x6d,0x70,0x6c,0x65,0x72,0x32,0x44,0x20,0x6f,0x63,
    0x63,0x6c,0x75,0x73,0x69,0x6f,0x6e,0x5f,0x74,0x65,0x78,0x5f,0x6f,0x63,0x63,0x6c,
    0x75,0x73,0x69,0x6f,0x6e,0x5f,0x73,0x6d,0x70,0x3b,0x0a,0x75,0x6e,0x69,0x66,0x6f,
    0x72,0x6d,0x20,0x73,0x61,0x6d,0x70,0x6c,0x65,0x72,0x32,0x44,0x41,0x72,0x72,0x61,
    0x79,0x53,0x68,0x61,0x64,0x6f,0x77,0x20,0x73,0x68,0x61,0x64,0x6f,0x77,0x5f,0x74,
    0x65,0x78,0x5f,0x73,0x68,0x61,0x64,0x6f,0x77,0x5f,0x73,0x6d,0x70,0x3b,0x0a,0x75,
    0x6e,0x69,0x66,0x6f,0x72,0x6d,0x20,0x73,0x61,0x6d,0x70,0x6c,0x65,0x72,0x32,0x44,
    0x20,0x65,0x6d,0x69,0x73,0x73,0x69,0x76,0x65,0x5f,0x74,0x65,0x78,0x5f,0x65,0x6d,
    0x69,0x73,0x73,0x69,0x76,0x65,0x5f,0x73,0x6d,0x70,0x3b,0x0a,0x0a,0x6c,0x61,0x79,
    0x6f,0x75,0x74,0x28,0x6c,0x6f,0x63,0x61,0x74,0x69,0x6f,0x6e,0x20,0x3d,0x20,0x32,
    0x29,0x20,0x69,0x6e,0x20,0x76,0x65,0x63,0x32,0x20,0x76,0x5f,0x75,0x76,0x30,0x3b,
    0x0a,0x6c,0x61,0x79,0x6f,0x75,0x74,0x28,0x6c,0x6f,0x63,0x61,0x74,0x69,0x6f,0x6e,
    0x20,0x3d,0x20,0x33,0x29,0x20,0x69,0x6e,0x20,0x76,0x65,0x63,0x32,0x20,0x76,0x5f,
    0x75,0x76,0x31,0x3b,0x0a,0x6c,0x61,0x79,0x6f,0x75,0x74,0x28,0x6c,0x6f,0x63,0x61,
    0x74,0x69,0x6f,0x6e,0x20,0x3d,0x20,0x34,0x29,0x20,0x69,0x6e,0x20,0x76,0x65,0x63,
    0x34,0x20,0x76,0x5f,0x63,0x6f,0x6c,0x6f,0x72,0x3b,0x0a,0x6c,0x61,0x79,0x6f,0x75,
    0x74,0x28,0x6c,0x6f,0x63,0x61,0x74,0x69,0x6f,0x6e,0x20,0x3d,0x20,0x30,0x29,0x20,
    0x6f,0x75,0x74,0x20,0x76,0x65,0x63,0x34,0x20,0x66,0x72,0x61,0x67,0x5f,0x63,0x6f,
    0x6c,0x6f,0x72,0x3b,0x0a,0x6c,0x61,0x79,0x6f,0x75,0x74,0x28,0x6c,0x6f,0x63,0x61,
    0x74,0x69,0x6f,0x6e,0x20,0x3d,0x20,0x30,0x29,0x20,0x69,0x6e,0x20,0x76,0x65,0x63,
    0x33,0x20,0x76,0x5f,0x6e,0x6f,0x72,0x6d,0x61,0x6c,0x3b,0x0a,0x6c,0x61,0x79,0x6f,
    0x75,0x74,0x28,0x6c,0x6f,0x63,0x61,0x74,0x69,0x6f,0x6e,0x20,0x3d,0x20,0x31,0x29,
    0x20,0x69,0x6e,0x20,0x76,0x65,0x63,0x34,0x20,0x76,0x5f,0x74,0x61,0x6e,0x67,0x65,
    0x6e,0x74,0x3b,0x0a,0x6c,0x61,0x79,0x6f,0x75,0x74,0x28,0x6c,0x6f,0x63,0x61,0x74,
    0x69,0x6f,0x6e,0x20,0x3d,0x20,0x35,0x29,0x20,0x69,0x6e,0x20,0x76,0x65,0x63,0x33,
    0x20,0x76,0x5f,0x77,0x6f,0x72,0x6c,0x64,0x5f,0x70,0x6f,0x73,0x3b,0x0a,0x0a,0x76,
    0x65,0x63,0x32,0x20,0x74,0x65,0x78,0x5f,0x75,0x76,0x28,0x69,0x6e,0x74,0x20,0x69,
    0x29,0x0a,0x7b,0x0a,0x20,0x20,0x20,0x20,0x62,0x76,0x65,0x63,0x32,0x20,0x5f,0x32,
    0x37,0x35,0x20,0x3d,0x20,0x62,0x76,0x65,0x63,0x32,0x28,0x66,0x73,0x5f,0x70,0x61,
    0x72,0x61,0x6d,0x73,0x5b,0x69,0x20,0x2a,0x20,0x31,0x20,0x2b,0x20,0x34,0x5d,0x2e,
    0x77,0x20,0x3c,0x20,0x30,0x2e,0x35,0x29,0x3b,0x0a,0x20,0x20,0x20,0x20,0x76,0x65,
    0x63,0x33,0x20,0x5f,0x32,0x37,0x39,0x20,0x3d,0x20,0x76,0x65,0x63,0x33,0x28,0x76,
    0x65,0x63,0x32,0x28,0x5f,0x32,0x37,0x35,0x2e,0x78,0x20,0x3f,0x20,0x76,0x5f,0x75,
    0x76,0x30,0x2e,0x78,0x20,0x3a,0x20,0x76,0x5f,0x75,0x76,0x31,0x2e,0x78,0x2c,0x20,
    0x5f,0x32,0x37,0x35,0x2e,0x79,0x20,0x3f,0x20,0x76,0x5f,0x75,0x76,0x30,0x2e,0x79,
    0x20,0x3a,0x20,0x76,0x5f,0x75,0x76,0x31,0x2e,0x79,0x29,0x2c,0x20,0x31,0x2e,0x30,
    0x29,0x3b,0x0a,0x20,0x20,0x20,0x20,0x72,0x65,0x74,0x75,0x72,0x6e,0x20,0x76,0x65,
    0x63,0x32,0x28,0x64,0x6f,0x74,0x28,0x66,0x73,0x5f,0x70,0x61,0x72,0x61,0x6d,0x73,
    0x5b,0x69,0x20,0x2a,0x20,0x31,0x20,0x2b,0x20,0x34,0x5d,0x2e,0x78,0x79,0x7a,0x2c,
    0x20,0x5f,0x32,0x37,0x39,0x29,0x2c,0x20,0x64,0x6f,0x74,0x28,0x66,0x73,0x5f,0x70,
    0x61,0x72,0x61,0x6d,0x73,0x5b,0x69,0x20,0x2a,0x20,0x31,0x20,0x2b,0x20,0x39,0x5d,
    0x2e,0x78,0x79,0x7a,0x2c,0x20,0x5f,0x32,0x37,0x39,0x29,0x29,0x3b,0x0a,0x7d,0x0a,
    0x0a,0x76,0x65,0x63,0x33,0x20,0x73,0x72,0x67,0x62,0x5f,0x74,0x6f,0x5f,0x6c,0x69,
    0x6e,0x65,0x61,0x72,0x28,0x76,0x65,0x63,0x33,0x20,0x63,0x29,0x0a,0x7b,0x0a,0x20,
    0x20,0x20,0x20,0x72,0x65,0x74,0x75,0x72,0x6e,0x20,0x6d,0x69,0x78,0x28,0x63,0x20,
    0x2a,0x20,0x76,0x65,0x63,0x33,0x28,0x30,0x2e,0x30,0x37,0x37,0x33,0x39,0x39,0x33,
    0x38,0x30,0x35,0x30,0x35,0x30,0x38,0x34,0x39,0x39,0x31,0x34,0x35,0x35,0x30,0x37,
    0x38,0x31,0x32,0x35,0x29,0x2c,0x20,0x70,0x6f,0x77,0x28,0x28,0x6d,0x61,0x78,0x28,
    0x63,0x2c,0x20,0x76,0x65,0x63,0x33,0x28,0x30,0x2e,0x30,0x34,0x30,0x34,0x34,0x39,
    0x39,0x39,0x39,0x32,0x37,0x32,0x38,0x32,0x33,0x33,0x33,0x33,0x37,0x34,0x30,0x32,
    0x33,0x34,0x33,0x37,0x35,0x29,0x29,0x20,0x2b,0x20,0x76,0x65,0x63,0x33,0x28,0x30,
    0x2e,0x30,0x35,0x34,0x39,0x39,0x39,0x39,0x39,0x39,0x37,0x30,0x31,0x39,0x37,0x36,
    0x37,0x37,0x36,0x31,0x32,0x33,0x30,0x34,0x36,0x38,0x37,0x35,0x29,0x29,0x20,0x2a,
    0x20,0x76,0x65,0x63,0x33,0x28,0x30,0x2e,0x39,0x34,0x37,0x38,0x36,0x37,0x33,0x33,
    0x33,0x38,0x38,0x39,0x30,0x30,0x37,0x35,0x36,0x38,0x33,0x35,0x39,0x33,0x37,0x35,
    0x29,0x2c,0x20,0x76,0x65,0x63,0x33,0x28,0x32,0x2e,0x34,0x30,0x30,0x30,0x30,0x30,
    0x30,0x39,0x35,0x33,0x36,0x37,0x34,0x33,0x31,0x36,0x34,0x30,0x36,0x32,0x35,0x29,
    0x29,0x2c,0x20,0x73,0x74,0x65,0x70,0x28,0x76,0x65,0x63,0x33,0x28,0x30,0x2e,0x30,
    0x34,0x30,0x34,0x34,0x39,0x39,0x39,0x39,0x32,0x37,0x32,0x38,0x32,0x33,0x33,0x33,
    0x33,0x37,0x34,0x30,0x32,0x33,0x34,0x33,0x37,0x35,0x29,0x2c,0x20,0x63,0x29,0x29,
    0x3b,0x0a,0x7d,0x0a,0x0a,0x76,0x65,0x63,0x33,0x20,0x74,0x6f,0x6e,0x65,0x6d,0x61,
    0x70,0x5f,0x6e,0x65,0x75,0x74,0x72,0x61,0x6c,0x28,0x69,0x6e,0x6f,0x75,0x74,0x20,
    0x76,0x65,0x63,0x33,0x20,0x63,0x6f,0x6c,0x6f,0x72,0x29,0x0a,0x7b,0x0a,0x20,0x20,
    0x20,0x20,0x66,0x6c,0x6f,0x61,0x74,0x20,0x5f,0x31,0x31,0x36,0x20,0x3d,0x20,0x6d,
    0x69,0x6e,0x28,0x63,0x6f,0x6c,0x6f,0x72,0x2e,0x78,0x2c,0x20,0x6d,0x69,0x6e,0x28,
    0x63,0x6f,0x6c,0x6f,0x72,0x2e,0x79,0x2c,0x20,0x63,0x6f,0x6c,0x6f,0x72,0x2e,0x7a,
    0x29,0x29,0x3b,0x0a,0x20,0x20,0x20,0x20,0x66,0x6c,0x6f,0x61,0x74,0x20,0x5f,0x31,
    0x32,0x32,0x3b,0x0a,0x20,0x20,0x20,0x20,0x69,0x66,0x20,0x28,0x5f,0x31,0x31,0x36,
    0x20,0x3c,0x20,0x30,0x2e,0x30,0x37,0x39,0x39,0x39,0x39,0x39,0x39,0x38,0x32,0x31,
    0x31,0x38,0x36,0x30,0x36,0x35,0x36,0x37,0x33,0x38,0x32,0x38,0x31,0x32,0x35,0x29,
    0x0a,0x20,0x20,0x20,0x20,0x7b,0x0a,0x20,0x20,0x20,0x20,0x20,0x20,0x20,0x20,0x5f,
    0x31,0x32,0x32,0x20,0x3d,0x20,0x5f,0x31,0x31,0x36,0x20,0x2d,0x20,0x28,0x28,0x36,
    0x2e,0x32,0x35,0x20,0x2a,0x20,0x5f,0x31,0x31,0x36,0x29,0x20,0x2a,0x20,0x5f,0x31,
    0x31,0x36,0x29,0x3b,0x0a,0x20,0x20,0x20,0x20,0x7d,0x0a,0x20,0x20,0x20,0x20,0x65,
    0x6c,0x73,0x65,0x0a,0x20,0x20,0x20,0x20,0x7b,0x0a,0x20,0x20,0x20,0x20,0x20,0x20,
    0x20,0x20,0x5f,0x31,0x32,0x32,0x20,0x3d,0x20,0x30,0x2e,0x30,0x33,0x39,0x39,0x39,
    0x39,0x39,0x39,0x39,0x31,0x30,0x35,0x39,0x33,0x30,0x33,0x32,0x38,0x33,0x36,0x39,
    0x31,0x34,0x30,0x36,0x32,0x35,0x3b,0x0a,0x20,0x20,0x20,0x20,0x7d,0x0a,0x20,0x20,
    0x20,0x20,0x63,0x6f,0x6c,0x6f,0x72,0x20,0x2d,0x3d,0x20,0x76,0x65,0x63,0x33,0x28,
    0x5f,0x31,0x32,0x32,0x29,0x3b,0x0a,0x20,0x20,0x20,0x20,0x66,0x6c,0x6f,0x61,0x74,
    0x20,0x5f,0x31,0x34,0x31,0x20,0x3d,0x20,0x63,0x6f,0x6c,0x6f,0x72,0x2e,0x78,0x3b,
    0x0a,0x20,0x20,0x20,0x20,0x66,0x6c,0x6f,0x61,0x74,0x20,0x5f,0x31,0x34,0x33,0x20,
    0x3d,0x20,0x63,0x6f,0x6c,0x6f,0x72,0x2e,0x79,0x3b,0x0a,0x20,0x20,0x20,0x20,0x66,
    0x6c,0x6f,0x61,0x74,0x20,0x5f,0x31,0x34,0x35,0x20,0x3d,0x20,0x63,0x6f,0x6c,0x6f,
    0x72,0x2e,0x7a,0x3b,0x0a,0x20,0x20,0x20,0x20,0x66,0x6c,0x6f,0x61,0x74,0x20,0x5f,
    0x31,0x34,0x37,0x20,0x3d,0x20,0x6d,0x61,0x78,0x28,0x5f,0x31,0x34,0x31,0x2c,0x20,
    0x6d,0x61,0x78,0x28,0x5f,0x31,0x34,0x33,0x2c,0x20,0x5f,0x31,0x34,0x35,0x29,0x29,
    0x3b,0x0a,0x20,0x20,0x20,0x20,0x69,0x66,0x20,0x28,0x5f,0x31,0x34,0x37,0x20,0x3c,
    0x20,0x30,0x2e,0x37,0x35,0x39,0x39,0x39,0x39,0x39,0x39,0x30,0x34,0x36,0x33,0x32,
    0x35,0x36,0x38,0x33,0x35,0x39,0x33,0x37,0x35,0x29,0x0a,0x20,0x20,0x20,0x20,0x7b,
    0x0a,0x20,0x20,0x20,0x20,0x20,0x20,0x20,0x20,0x72,0x65,0x74,0x75,0x72,0x6e,0x20,
    0x63,0x6f,0x6c,0x6f,0x72,0x3b,0x0a,0x20,0x20,0x20,0x20,0x7d,0x0a,0x20,0x20,0x20,
    0x20,0x66,0x6c,0x6f,0x61,0x74,0x20,0x5f,0x31,0x36,0x32,0x20,0x3d,0x20,0x31,0x2e,
    0x30,0x20,0x2d,0x20,0x28,0x30,0x2e,0x30,0x35,0x37,0x35,0x39,0x39,0x39,0x39,0x39,
    0x30,0x31,0x30,0x35,0x36,0x32,0x38,0x39,0x36,0x37,0x32,0x38,0x35,0x31,0x35,0x36,
    0x32,0x35,0x20,0x2f,0x20,0x28,0x5f,0x31,0x34,0x37,0x20,0x2b,0x20,0x28,0x2d,0x30,
    0x2e,0x35,0x31,0x39,0x39,0x39,0x39,0x39,0x38,0x30,0x39,0x32,0x36,0x35,0x31,0x33,
    0x36,0x37,0x31,0x38,0x37,0x35,0x29,0x29,0x29,0x3b,0x0a,0x20,0x20,0x20,0x20,0x63,
    0x6f,0x6c,0x6f,0x72,0x20,0x2a,0x3d,0x20,0x28,0x5f,0x31,0x36,0x32,0x20,0x2f,0x20,
    0x5f,0x31,0x34,0x37,0x29,0x3b,0x0a,0x20,0x20,0x20,0x20,0x72,0x65,0x74,0x75,0x72,
    0x6e,0x20,0x6d,0x69,0x78,0x28,0x63,0x6f,0x6c,0x6f,0x72,0x2c,0x20,0x76,0x65,0x63,
    0x33,0x28,0x5f,0x31,0x36,0x32,0x29,0x2c,0x20,0x76,0x65,0x63,0x33,0x28,0x31,0x2e,
    0x30,0x20,0x2d,0x20,0x28,0x31,0x2e,0x30,0x20,0x2f,0x20,0x28,0x28,0x30,0x2e,0x31,
    0x35,0x30,0x30,0x30,0x30,0x30,0x30,0x35,0x39,0x36,0x30,0x34,0x36,0x34,0x34,0x37,
    0x37,0x35,0x33,0x39,0x30,0x36,0x32,0x35,0x20,0x2a,0x20,0x28,0x5f,0x31,0x34,0x37,
    0x20,0x2d,0x20,0x5f,0x31,0x36,0x32,0x29,0x29,0x20,0x2b,0x20,0x31,0x2e,0x30,0x29,
    0x29,0x29,0x29,0x3b,0x0a,0x7d,0x0a,0x0a,0x76,0x65,0x63,0x33,0x20,0x74,0x6f,0x6e,
    0x65,0x6d,0x61,0x70,0x5f,0x61,0x63,0x65,0x73,0x28,0x69,0x6e,0x6f,0x75,0x74,0x20,
    0x76,0x65,0x63,0x33,0x20,0x63,0x6f,0x6c,0x6f,0x72,0x29,0x0a,0x7b,0x0a,0x20,0x20,
    0x20,0x20,0x63,0x6f,0x6c,0x6f,0x72,0x20,0x2a,0x3d,0x20,0x30,0x2e,0x36,0x30,0x30,
    0x30,0x30,0x30,0x30,0x32,0x33,0x38,0x34,0x31,0x38,0x35,0x37,0x39,0x31,0x30,0x31,
    0x35,0x36,0x32,0x35,0x3b,0x0a,0x20,0x20,0x20,0x20,0x72,0x65,0x74,0x75,0x72,0x6e,
    0x20,0x63,0x6c,0x61,0x6d,0x70,0x28,0x28,0x63,0x6f,0x6c,0x6f,0x72,0x20,0x2a,0x20,
    0x28,0x28,0x63,0x6f,0x6c,0x6f,0x72,0x20,0x2a,0x20,0x32,0x2e,0x35,0x30,0x39,0x39,
    0x39,0x39,0x39,0x39,0x30,0x34,0x36,0x33,0x32,0x35,0x36,0x38,0x33,0x35,0x39,0x33,
    0x37,0x35,0x29,0x20,0x2b,0x20,0x76,0x65,0x63,0x33,0x28,0x30,0x2e,0x30,0x32,0x39,
    0x39,0x39,0x39,0x39,0x39,0x39,0x33,0x32,0x39,0x34,0x34,0x37,0x37,0x34,0x36,0x32,
    0x37,0x36,0x38,0x35,0x35,0x34,0x36,0x38,0x37,0x35,0x29,0x29,0x29,0x20,0x2f,0x20,
    0x28,0x28,0x63,0x6f,0x6c,0x6f,0x72,0x20,0x2a,0x20,0x28,0x28,0x63,0x6f,0x6c,0x6f,
    0x72,0x20,0x2a,0x20,0x32,0x2e,0x34,0x33,0x30,0x30,0x30,0x30,0x30,0x36,0x36,0x37,
    0x35,0x37,0x32,0x30,0x32,0x31,0x34,0x38,0x34,0x33,0x37,0x35,0x29,0x20,0x2b,0x20,
    0x76,0x65,0x63,0x33,0x28,0x30,0x2e,0x35,0x38,0x39,0x39,0x39,0x39,0x39,0x37,0x33,
    0x37,0x37,0x33,0x39,0x35,0x36,0x32,0x39,0x38,0x38,0x32,0x38,0x31,0x32,0x35,0x29,
    0x29,0x29,0x20,0x2b,0x20,0x76,0x65,0x63,0x33,0x28,0x30,0x2e,0x31,0x34,0x30,0x30,
    0x30,0x30,0x30,0x30,0x30,0x35,0x39,0x36,0x30,0x34,0x36,0x34,0x34,0x37,0x37,0x35,
    0x33,0x39,0x30,0x36,0x32,0x35,0x29,0x29,0x2c,0x20,0x76,0x65,0x63,0x33,0x28,0x30,
    0x2e,0x30,0x29,0x2c,0x20,0x76,0x65,0x63,0x33,0x28,0x31,0x2e,0x30,0x29,0x29,0x3b,
    0x0a,0x7d,0x0a,0x0a,0x76,0x65,0x63,0x33,0x20,0x6c,0x69,0x6e,0x65,0x61,0x72,0x5f,
    0x74,0x6f,0x5f,0x73,0x72,0x67,0x62,0x28,0x69,0x6e,0x6f,0x75,0x74,0x20,0x76,0x65,
    0x63,0x33,0x20,0x63,0x29,0x0a,0x7b,0x0a,0x20,0x20,0x20,0x20,0x63,0x20,0x3d,0x20,
    0x63,0x6c,0x61,0x6d,0x70,0x28,0x63,0x2c,0x20,0x76,0x65,0x63,0x33,0x28,0x30,0x2e,
    0x30,0x29,0x2c,0x20,0x76,0x65,0x63,0x33,0x28,0x31,0x2e,0x30,0x29,0x29,0x3b,0x0a,
    0x20,0x20,0x20,0x20,0x72,0x65,0x74,0x75,0x72,0x6e,0x20,0x6d,0x69,0x78,0x28,0x63,
    0x20,0x2a,0x20,0x31,0x32,0x2e,0x39,0x32,0x30,0x30,0x30,0x30,0x30,0x37,0x36,0x32,
    0x39,0x33,0x39,0x34,0x35,0x33,0x31,0x32,0x35,0x2c,0x20,0x28,0x70,0x6f,0x77,0x28,
    0x6d,0x61,0x78,0x28,0x63,0x2c,0x20,0x76,0x65,0x63,0x33,0x28,0x30,0x2e,0x30,0x30,
    0x33,0x31,0x33,0x30,0x38,0x30,0x30,0x30,0x39,0x30,0x37,0x33,0x30,0x31,0x39,0x30,
    0x32,0x37,0x37,0x30,0x39,0x39,0x36,0x30,0x39,0x33,0x37,0x35,0x29,0x29,0x2c,0x20,
    0x76,0x65,0x63,0x33,0x28,0x30,0x2e,0x34,0x31,0x36,0x36,0x36,0x36,0x36,0x35,0x36,
    0x37,0x33,0x32,0x35,0x35,0x39,0x32,0x30,0x34,0x31,0x30,0x31,0x35,0x36,0x32,0x35,
    0x29,0x29,0x20,0x2a,0x20,0x31,0x2e,0x30,0x35,0x34,0x39,0x39,0x39,0x39,0x34,0x37,
    0x35,0x34,0x37,0x39,0x31,0x32,0x35,0x39,0x37,0x36,0x35,0x36,0x32,0x35,0x29,0x20,
    0x2d,0x20,0x76,0x65,0x63,0x33,0x28,0x30,0x2e,0x30,0x35,0x34,0x39,0x39,0x39,0x39,
    0x39,0x39,0x37,0x30,0x31,0x39,0x37,0x36,0x37,0x37,0x36,0x31,0x32,0x33,0x30,0x34,
    0x36,0x38,0x37,0x35,0x29,0x2c,0x20,0x73,0x74,0x65,0x70,0x28,0x76,0x65,0x63,0x33,
    0x28,0x30,0x2e,0x30,0x30,0x33,0x31,0x33,0x30,0x38,0x30,0x30,0x30,0x39,0x30,0x37,
    0x33,0x30,0x31,0x39,0x30,0x32,0x37,0x37,0x30,0x39,0x39,0x36,0x30,0x39,0x33,0x37,
    0x35,0x29,0x2c,0x20,0x63,0x29,0x29,0x3b,0x0a,0x7d,0x0a,0x0a,0x76,0x65,0x63,0x33,
    0x20,0x74,0x6f,0x5f,0x64,0x69,0x73,0x70,0x6c,0x61,0x79,0x28,0x69,0x6e,0x6f,0x75,
    0x74,0x20,0x76,0x65,0x63,0x33,0x20,0x63,0x6f,0x6c,0x6f,0x72,0x29,0x0a,0x7b,0x0a,
    0x20,0x20,0x20,0x20,0x63,0x6f,0x6c,0x6f,0x72,0x20,0x2a,0x3d,0x20,0x66,0x73,0x5f,
    0x73,0x63,0x65,0x6e,0x65,0x5b,0x32,0x5d,0x2e,0x79,0x3b,0x0a,0x20,0x20,0x20,0x20,
    0x69,0x6e,0x74,0x20,0x5f,0x32,0x33,0x34,0x20,0x3d,0x20,0x69,0x6e,0x74,0x28,0x66,
    0x73,0x5f,0x73,0x63,0x65,0x6e,0x65,0x5b,0x32,0x5d,0x2e,0x78,0x20,0x2b,0x20,0x30,
    0x2e,0x35,0x29,0x3b,0x0a,0x20,0x20,0x20,0x20,0x69,0x66,0x20,0x28,0x5f,0x32,0x33,
    0x34,0x20,0x3d,0x3d,0x20,0x31,0x29,0x0a,0x20,0x20,0x20,0x20,0x7b,0x0a,0x20,0x20,
    0x20,0x20,0x20,0x20,0x20,0x20,0x76,0x65,0x63,0x33,0x20,0x70,0x61,0x72,0x61,0x6d,
    0x20,0x3d,0x20,0x63,0x6f,0x6c,0x6f,0x72,0x3b,0x0a,0x20,0x20,0x20,0x20,0x20,0x20,
    0x20,0x20,0x76,0x65,0x63,0x33,0x20,0x5f,0x32,0x34,0x32,0x20,0x3d,0x20,0x74,0x6f,
    0x6e,0x65,0x6d,0x61,0x70,0x5f,0x6e,0x65,0x75,0x74,0x72,0x61,0x6c,0x28,0x70,0x61,
    0x72,0x61,0x6d,0x29,0x3b,0x0a,0x20,0x20,0x20,0x20,0x20,0x20,0x20,0x20,0x63,0x6f,
    0x6c,0x6f,0x72,0x20,0x3d,0x20,0x5f,0x32,0x34,0x32,0x3b,0x0a,0x20,0x20,0x20,0x20,
    0x7d,0x0a,0x20,0x20,0x20,0x20,0x65,0x6c,0x73,0x65,0x0a,0x20,0x20,0x20,0x20,0x7b,
    0x0a,0x20,0x20,0x20,0x20,0x20,0x20,0x20,0x20,0x69,0x66,0x20,0x28,0x5f,0x32,0x33,
    0x34,0x20,0x3d,0x3d,0x20,0x32,0x29,0x0a,0x20,0x20,0x20,0x20,0x20,0x20,0x20,0x20,
    0x7b,0x0a,0x20,0x20,0x20,0x20,0x20,0x20,0x20,0x20,0x20,0x20,0x20,0x20,0x76,0x65,
    0x63,0x33,0x20,0x70,0x61,0x72,0x61,0x6d,0x5f,0x31,0x20,0x3d,0x20,0x63,0x6f,0x6c,
    0x6f,0x72,0x3b,0x0a,0x20,0x20,0x20,0x20,0x20,0x20,0x20,0x20,0x20,0x20,0x20,0x20,
    0x76,0x65,0x63,0x33,0x20,0x5f,0x32,0x35,0x30,0x20,0x3d,0x20,0x74,0x6f,0x6e,0x65,
    0x6d,0x61,0x70,0x5f,0x61,0x63,0x65,0x73,0x28,0x70,0x61,0x72,0x61,0x6d,0x5f,0x31,
    0x29,0x3b,0x0a,0x20,0x20,0x20,0x20,0x20,0x20,0x20,0x20,0x20,0x20,0x20,0x20,0x63,
    0x6f,0x6c,0x6f,0x72,0x20,0x3d,0x20,0x5f,0x32,0x35,0x30,0x3b,0x0a,0x20,0x20,0x20,
    0x20,0x20,0x20,0x20,0x20,0x7d,0x0a,0x20,0x20,0x20,0x20,0x7d,0x0a,0x20,0x20,0x20,
    0x20,0x76,0x65,0x63,0x33,0x20,0x70,0x61,0x72,0x61,0x6d,0x5f,0x32,0x20,0x3d,0x20,
    0x63,0x6f,0x6c,0x6f,0x72,0x3b,0x0a,0x20,0x20,0x20,0x20,0x76,0x65,0x63,0x33,0x20,
    0x5f,0x32,0x35,0x33,0x20,0x3d,0x20,0x6c,0x69,0x6e,0x65,0x61,0x72,0x5f,0x74,0x6f,
    0x5f,0x73,0x72,0x67,0x62,0x28,0x70,0x61,0x72,0x61,0x6d,0x5f,0x32,0x29,0x3b,0x0a,
    0x20,0x20,0x20,0x20,0x72,0x65,0x74,0x75,0x72,0x6e,0x20,0x5f,0x32,0x35,0x33,0x3b,
    0x0a,0x7d,0x0a,0x0a,0x66,0x6c,0x6f,0x61,0x74,0x20,0x61,0x74,0x74,0x65,0x6e,0x75,
    0x61,0x74,0x69,0x6f,0x6e,0x28,0x66,0x6c,0x6f,0x61,0x74,0x20,0x64,0x2c,0x20,0x66,
    0x6c,0x6f,0x61,0x74,0x20,0x72,0x61,0x6e,0x67,0x65,0x29,0x0a,0x7b,0x0a,0x20,0x20,
    0x20,0x20,0x66,0x6c,0x6f,0x61,0x74,0x20,0x5f,0x33,0x30,0x33,0x20,0x3d,0x20,0x31,
    0x2e,0x30,0x20,0x2f,0x20,0x6d,0x61,0x78,0x28,0x64,0x20,0x2a,0x20,0x64,0x2c,0x20,
    0x30,0x2e,0x30,0x30,0x39,0x39,0x39,0x39,0x39,0x39,0x39,0x37,0x37,0x36,0x34,0x38,
    0x32,0x35,0x38,0x32,0x30,0x39,0x32,0x32,0x38,0x35,0x31,0x35,0x36,0x32,0x35,0x29,
    0x3b,0x0a,0x20,0x20,0x20,0x20,0x69,0x66,0x20,0x28,0x72,0x61,0x6e,0x67,0x65,0x20,
    0x3c,0x3d,0x20,0x30,0x2e,0x30,0x29,0x0a,0x20,0x20,0x20,0x20,0x7b,0x0a,0x20,0x20,
    0x20,0x20,0x20,0x20,0x20,0x20,0x72,0x65,0x74,0x75,0x72,0x6e,0x20,0x5f,0x33,0x30,
    0x33,0x3b,0x0a,0x20,0x20,0x20,0x20,0x7d,0x0a,0x20,0x20,0x20,0x20,0x66,0x6c,0x6f,
    0x61,0x74,0x20,0x5f,0x33,0x31,0x33,0x20,0x3d,0x20,0x64,0x20,0x2f,0x20,0x72,0x61,
    0x6e,0x67,0x65,0x3b,0x0a,0x20,0x20,0x20,0x20,0x66,0x6c,0x6f,0x61,0x74,0x20,0x5f,
    0x33,0x32,0x33,0x20,0x3d,0x20,0x63,0x6c,0x61,0x6d,0x70,0x28,0x31,0x2e,0x30,0x20,
    0x2d,0x20,0x28,0x28,0x28,0x5f,0x33,0x31,0x33,0x20,0x2a,0x20,0x5f,0x33,0x31,0x33,
    0x29,0x20,0x2a,0x20,0x5f,0x33,0x31,0x33,0x29,0x20,0x2a,0x20,0x5f,0x33,0x31,0x33,
    0x29,0x2c,0x20,0x30,0x2e,0x30,0x2c,0x20,0x31,0x2e,0x30,0x29,0x3b,0x0a,0x20,0x20,
    0x20,0x20,0x72,0x65,0x74,0x75,0x72,0x6e,0x20,0x28,0x5f,0x33,0x32,0x33,0x20,0x2a,
    0x20,0x5f,0x33,0x32,0x33,0x29,0x20,0x2a,0x20,0x5f,0x33,0x30,0x33,0x3b,0x0a,0x7d,
    0x0a,0x0a,0x66,0x6c,0x6f,0x61,0x74,0x20,0x73,0x70,0x6f,0x74,0x5f,0x66,0x61,0x63,
    0x74,0x6f,0x72,0x28,0x66,0x6c,0x6f,0x61,0x74,0x20,0x63,0x6f,0x73,0x5f,0x61,0x6e,
    0x67,0x6c,0x65,0x2c,0x20,0x66,0x6c,0x6f,0x61,0x74,0x20,0x63,0x6f,0x73,0x5f,0x69,
    0x6e,0x6e,0x65,0x72,0x2c,0x20,0x66,0x6c,0x6f,0x61,0x74,0x20,0x63,0x6f,0x73,0x5f,
    0x6f,0x75,0x74,0x65,0x72,0x29,0x0a,0x7b,0x0a,0x20,0x20,0x20,0x20,0x69,0x66,0x20,
    0x28,0x28,0x63,0x6f,0x73,0x5f,0x69,0x6e,0x6e,0x65,0x72,0x20,0x2d,0x20,0x63,0x6f,
    0x73,0x5f,0x6f,0x75,0x74,0x65,0x72,0x29,0x20,0x3c,0x3d,0x20,0x39,0x2e,0x39,0x39,
    0x39,0x39,0x39,0x39,0x39,0x37,0x34,0x37,0x35,0x32,0x34,0x32,0x37,0x30,0x37,0x38,
    0x37,0x38,0x33,0x35,0x31,0x32,0x31,0x31,0x35,0x34,0x37,0x38,0x35,0x65,0x2d,0x30,
    0x37,0x29,0x0a,0x20,0x20,0x20,0x20,0x7b,0x0a,0x20,0x20,0x20,0x20,0x20,0x20,0x20,
    0x20,0x72,0x65,0x74,0x75,0x72,0x6e,0x20,0x66,0x6c,0x6f,0x61,0x74,0x28,0x63,0x6f,
    0x73,0x5f,0x61,0x6e,0x67,0x6c,0x65,0x20,0x3e,0x3d,0x20,0x63,0x6f,0x73,0x5f,0x6f,
    0x75,0x74,0x65,0x72,0x29,0x3b,0x0a,0x20,0x20,0x20,0x20,0x7d,0x0a,0x20,0x20,0x20,
    0x20,0x72,0x65,0x74,0x75,0x72,0x6e,0x20,0x73,0x6d,0x6f,0x6f,0x74,0x68,0x73,0x74,
    0x65,0x70,0x28,0x63,0x6f,0x73,0x5f,0x6f,0x75,0x74,0x65,0x72,0x2c,0x20,0x63,0x6f,
    0x73,0x5f,0x69,0x6e,0x6e,0x65,0x72,0x2c,0x20,0x63,0x6f,0x73,0x5f,0x61,0x6e,0x67,
    0x6c,0x65,0x29,0x3b,0x0a,0x7d,0x0a,0x0a,0x66,0x6c,0x6f,0x61,0x74,0x20,0x73,0x68,
    0x61,0x64,0x6f,0x77,0x5f,0x66,0x61,0x63,0x74,0x6f,0x72,0x28,0x69,0x6e,0x74,0x20,
    0x73,0x6c,0x6f,0x74,0x2c,0x20,0x76,0x65,0x63,0x33,0x20,0x77,0x6f,0x72,0x6c,0x64,
    0x5f,0x70,0x6f,0x73,0x2c,0x20,0x76,0x65,0x63,0x33,0x20,0x6e,0x2c,0x20,0x66,0x6c,
    0x6f,0x61,0x74,0x20,0x6e,0x5f,0x64,0x6f,0x74,0x5f,0x6c,0x29,0x0a,0x7b,0x0a,0x20,
    0x20,0x20,0x20,0x69,0x66,0x20,0x28,0x66,0x73,0x5f,0x70,0x61,0x72,0x61,0x6d,0x73,
    0x5b,0x33,0x5d,0x2e,0x7a,0x20,0x3c,0x20,0x30,0x2e,0x35,0x29,0x0a,0x20,0x20,0x20,
    0x20,0x7b,0x0a,0x20,0x20,0x20,0x20,0x20,0x20,0x20,0x20,0x72,0x65,0x74,0x75,0x72,
    0x6e,0x20,0x31,0x2e,0x30,0x3b,0x0a,0x20,0x20,0x20,0x20,0x7d,0x0a,0x20,0x20,0x20,
    0x20,0x66,0x6c,0x6f,0x61,0x74,0x20,0x5f,0x33,0x35,0x39,0x20,0x3d,0x20,0x31,0x2e,
    0x30,0x20,0x2d,0x20,0x63,0x6c,0x61,0x6d,0x70,0x28,0x6e,0x5f,0x64,0x6f,0x74,0x5f,
    0x6c,0x2c,0x20,0x30,0x2e,0x30,0x2c,0x20,0x31,0x2e,0x30,0x29,0x3b,0x0a,0x20,0x20,
    0x20,0x20,0x76,0x65,0x63,0x34,0x20,0x5f,0x33,0x38,0x32,0x20,0x3d,0x20,0x6d,0x61,
    0x74,0x34,0x28,0x66,0x73,0x5f,0x73,0x63,0x65,0x6e,0x65,0x5b,0x73,0x6c,0x6f,0x74,
    0x20,0x2a,0x20,0x34,0x20,0x2b,0x20,0x33,0x5d,0x2c,0x20,0x66,0x73,0x5f,0x73,0x63,
    0x65,0x6e,0x65,0x5b,0x73,0x6c,0x6f,0x74,0x20,0x2a,0x20,0x34,0x20,0x2b,0x20,0x34,
    0x5d,0x2c,0x20,0x66,0x73,0x5f,0x73,0x63,0x65,0x6e,0x65,0x5b,0x73,0x6c,0x6f,0x74,
    0x20,0x2a,0x20,0x34,0x20,0x2b,0x20,0x35,0x5d,0x2c,0x20,0x66,0x73,0x5f,0x73,0x63,
    0x65,0x6e,0x65,0x5b,0x73,0x6c,0x6f,0x74,0x20,0x2a,0x20,0x34,0x20,0x2b,0x20,0x36,
    0x5d,0x29,0x20,0x2a,0x20,0x76,0x65,0x63,0x34,0x28,0x77,0x6f,0x72,0x6c,0x64,0x5f,
    0x70,0x6f,0x73,0x20,0x2b,0x20,0x28,0x6e,0x20,0x2a,0x20,0x28,0x66,0x73,0x5f,0x73,
    0x63,0x65,0x6e,0x65,0x5b,0x73,0x6c,0x6f,0x74,0x20,0x2a,0x20,0x31,0x20,0x2b,0x20,
    0x31,0x39,0x5d,0x2e,0x79,0x20,0x2a,0x20,0x28,0x31,0x2e,0x30,0x20,0x2b,0x20,0x28,
    0x32,0x2e,0x30,0x20,0x2a,0x20,0x5f,0x33,0x35,0x39,0x29,0x29,0x29,0x29,0x2c,0x20,
    0x31,0x2e,0x30,0x29,0x3b,0x0a,0x20,0x20,0x20,0x20,0x66,0x6c,0x6f,0x61,0x74,0x20,
    0x5f,0x33,0x38,0x37,0x20,0x3d,0x20,0x5f,0x33,0x38,0x32,0x2e,0x77,0x3b,0x0a,0x20,
    0x20,0x20,0x20,0x76,0x65,0x63,0x33,0x20,0x5f,0x33,0x39,0x35,0x20,0x3d,0x20,0x28,
    0x5f,0x33,0x38,0x32,0x2e,0x78,0x79,0x7a,0x20,0x2f,0x20,0x76,0x65,0x63,0x33,0x28,
    0x6d,0x61,0x78,0x28,0x61,0x62,0x73,0x28,0x5f,0x33,0x38,0x37,0x29,0x2c,0x20,0x39,
    0x2e,0x39,0x39,0x39,0x39,0x39,0x39,0x39,0x37,0x34,0x37,0x35,0x32,0x34,0x32,0x37,
    0x30,0x37,0x38,0x37,0x38,0x33,0x35,0x31,0x32,0x31,0x31,0x35,0x34,0x37,0x38,0x35,
    0x65,0x2d,0x30,0x37,0x29,0x29,0x29,0x20,0x2a,0x20,0x73,0x69,0x67,0x6e,0x28,0x5f,
    0x33,0x38,0x37,0x29,0x3b,0x0a,0x20,0x20,0x20,0x20,0x76,0x65,0x63,0x32,0x20,0x5f,
    0x33,0x39,0x39,0x20,0x3d,0x20,0x5f,0x33,0x39,0x35,0x2e,0x78,0x79,0x3b,0x0a,0x20,
    0x20,0x20,0x20,0x76,0x65,0x63,0x32,0x20,0x75,0x76,0x20,0x3d,0x20,0x28,0x5f,0x33,
    0x39,0x39,0x20,0x2a,0x20,0x30,0x2e,0x35,0x29,0x20,0x2b,0x20,0x76,0x65,0x63,0x32,
    0x28,0x30,0x2e,0x35,0x29,0x3b,0x0a,0x20,0x20,0x20,0x20,0x69,0x66,0x20,0x28,0x66,
    0x73,0x5f,0x73,0x63,0x65,0x6e,0x65,0x5b,0x33,0x31,0x5d,0x2e,0x78,0x20,0x3e,0x20,
    0x30,0x2e,0x35,0x29,0x0a,0x20,0x20,0x20,0x20,0x7b,0x0a,0x20,0x20,0x20,0x20,0x20,
    0x20,0x20,0x20,0x76,0x65,0x63,0x32,0x20,0x5f,0x31,0x31,0x32,0x33,0x20,0x3d,0x20,
    0x75,0x76,0x3b,0x0a,0x20,0x20,0x20,0x20,0x20,0x20,0x20,0x20,0x5f,0x31,0x31,0x32,
    0x33,0x2e,0x79,0x20,0x3d,0x20,0x31,0x2e,0x30,0x20,0x2d,0x20,0x5f,0x31,0x31,0x32,
    0x33,0x2e,0x79,0x3b,0x0a,0x20,0x20,0x20,0x20,0x20,0x20,0x20,0x20,0x75,0x76,0x20,
    0x3d,0x20,0x5f,0x31,0x31,0x32,0x33,0x3b,0x0a,0x20,0x20,0x20,0x20,0x7d,0x0a,0x20,
    0x20,0x20,0x20,0x66,0x6c,0x6f,0x61,0x74,0x20,0x5f,0x34,0x32,0x32,0x20,0x3d,0x20,
    0x66,0x73,0x5f,0x73,0x63,0x65,0x6e,0x65,0x5b,0x73,0x6c,0x6f,0x74,0x20,0x2a,0x20,
    0x31,0x20,0x2b,0x20,0x31,0x39,0x5d,0x2e,0x7a,0x20,0x2b,0x20,0x28,0x66,0x73,0x5f,
    0x73,0x63,0x65,0x6e,0x65,0x5b,0x73,0x6c,0x6f,0x74,0x20,0x2a,0x20,0x31,0x20,0x2b,
    0x20,0x31,0x39,0x5d,0x2e,0x77,0x20,0x2a,0x20,0x5f,0x33,0x35,0x39,0x29,0x3b,0x0a,
    0x20,0x20,0x20,0x20,0x66,0x6c,0x6f,0x61,0x74,0x20,0x5f,0x34,0x33,0x30,0x20,0x3d,
    0x20,0x5f,0x33,0x39,0x35,0x2e,0x7a,0x3b,0x0a,0x20,0x20,0x20,0x20,0x66,0x6c,0x6f,
    0x61,0x74,0x20,0x5f,0x34,0x34,0x33,0x20,0x3d,0x20,0x6d,0x61,0x78,0x28,0x66,0x73,
    0x5f,0x73,0x63,0x65,0x6e,0x65,0x5b,0x73,0x6c,0x6f,0x74,0x20,0x2a,0x20,0x31,0x20,
    0x2b,0x20,0x32,0x37,0x5d,0x2e,0x79,0x2c,0x20,0x39,0x2e,0x39,0x39,0x39,0x39,0x39,
    0x39,0x37,0x34,0x37,0x33,0x37,0x38,0x37,0x35,0x31,0x36,0x33,0x35,0x35,0x35,0x31,
    0x34,0x35,0x32,0x36,0x33,0x36,0x37,0x31,0x38,0x38,0x65,0x2d,0x30,0x35,0x29,0x3b,
    0x0a,0x20,0x20,0x20,0x20,0x66,0x6c,0x6f,0x61,0x74,0x20,0x5f,0x34,0x35,0x30,0x20,
    0x3d,0x20,0x6d,0x61,0x78,0x28,0x66,0x73,0x5f,0x73,0x63,0x65,0x6e,0x65,0x5b,0x73,
    0x6c,0x6f,0x74,0x20,0x2a,0x20,0x31,0x20,0x2b,0x20,0x32,0x37,0x5d,0x2e,0x7a,0x2c,
    0x20,0x5f,0x34,0x34,0x33,0x20,0x2b,0x20,0x30,0x2e,0x30,0x30,0x31,0x30,0x30,0x30,
    0x30,0x30,0x30,0x30,0x34,0x37,0x34,0x39,0x37,0x34,0x35,0x31,0x33,0x30,0x35,0x33,
    0x38,0x39,0x34,0x30,0x34,0x32,0x39,0x36,0x38,0x37,0x35,0x29,0x3b,0x0a,0x20,0x20,
    0x20,0x20,0x66,0x6c,0x6f,0x61,0x74,0x20,0x5f,0x34,0x35,0x35,0x20,0x3d,0x20,0x28,
    0x32,0x2e,0x30,0x20,0x2a,0x20,0x5f,0x34,0x34,0x33,0x29,0x20,0x2a,0x20,0x5f,0x34,
    0x35,0x30,0x3b,0x0a,0x20,0x20,0x20,0x20,0x66,0x6c,0x6f,0x61,0x74,0x20,0x5f,0x34,
    0x35,0x38,0x20,0x3d,0x20,0x5f,0x34,0x35,0x30,0x20,0x2b,0x20,0x5f,0x34,0x34,0x33,
    0x3b,0x0a,0x20,0x20,0x20,0x20,0x66,0x6c,0x6f,0x61,0x74,0x20,0x5f,0x34,0x36,0x33,
    0x20,0x3d,0x20,0x5f,0x34,0x35,0x30,0x20,0x2d,0x20,0x5f,0x34,0x34,0x33,0x3b,0x0a,
    0x20,0x20,0x20,0x20,0x66,0x6c,0x6f,0x61,0x74,0x20,0x5f,0x34,0x36,0x37,0x20,0x3d,
    0x20,0x5f,0x34,0x35,0x35,0x20,0x2f,0x20,0x6d,0x61,0x78,0x28,0x5f,0x34,0x35,0x38,
    0x20,0x2d,0x20,0x28,0x5f,0x34,0x33,0x30,0x20,0x2a,0x20,0x5f,0x34,0x36,0x33,0x29,
    0x2c,0x20,0x39,0x2e,0x39,0x39,0x39,0x39,0x39,0x39,0x39,0x37,0x34,0x37,0x35,0x32,
    0x34,0x32,0x37,0x30,0x37,0x38,0x37,0x38,0x33,0x35,0x31,0x32,0x31,0x31,0x35,0x34,
    0x37,0x38,0x35,0x65,0x2d,0x30,0x37,0x29,0x3b,0x0a,0x20,0x20,0x20,0x20,0x66,0x6c,
    0x6f,0x61,0x74,0x20,0x5f,0x35,0x30,0x35,0x20,0x3d,0x20,0x6d,0x69,0x78,0x28,0x28,
    0x28,0x5f,0x34,0x33,0x30,0x20,0x2a,0x20,0x30,0x2e,0x35,0x29,0x20,0x2b,0x20,0x30,
    0x2e,0x35,0x29,0x20,0x2d,0x20,0x28,0x5f,0x34,0x32,0x32,0x20,0x2a,0x20,0x66,0x73,
    0x5f,0x73,0x63,0x65,0x6e,0x65,0x5b,0x73,0x6c,0x6f,0x74,0x20,0x2a,0x20,0x31,0x20,
    0x2b,0x20,0x32,0x33,0x5d,0x2e,0x77,0x29,0x2c,0x20,0x28,0x28,0x28,0x5f,0x34,0x35,
    0x38,0x20,0x2d,0x20,0x28,0x5f,0x34,0x35,0x35,0x20,0x2f,0x20,0x6d,0x61,0x78,0x28,
    0x5f,0x34,0x36,0x37,0x20,0x2d,0x20,0x28,0x28,0x5f,0x34,0x32,0x32,0x20,0x2a,0x20,
    0x66,0x73,0x5f,0x73,0x63,0x65,0x6e,0x65,0x5b,0x73,0x6c,0x6f,0x74,0x20,0x2a,0x20,
    0x31,0x20,0x2b,0x20,0x31,0x39,0x5d,0x2e,0x79,0x29,0x20,0x2a,0x20,0x28,0x5f,0x34,
    0x36,0x37,0x20,0x2f,0x20,0x5f,0x34,0x35,0x30,0x29,0x29,0x2c,0x20,0x5f,0x34,0x34,
    0x33,0x29,0x29,0x29,0x20,0x2f,0x20,0x5f,0x34,0x36,0x33,0x29,0x20,0x2a,0x20,0x30,
    0x2e,0x35,0x29,0x20,0x2b,0x20,0x30,0x2e,0x35,0x2c,0x20,0x73,0x74,0x65,0x70,0x28,
    0x30,0x2e,0x35,0x2c,0x20,0x66,0x73,0x5f,0x73,0x63,0x65,0x6e,0x65,0x5b,0x73,0x6c,
    0x6f,0x74,0x20,0x2a,0x20,0x31,0x20,0x2b,0x20,0x32,0x37,0x5d,0x2e,0x77,0x29,0x29,
    0x3b,0x0a,0x20,0x20,0x20,0x20,0x76,0x65,0x63,0x32,0x20,0x5f,0x35,0x31,0x31,0x20,
    0x3d,0x20,0x76,0x65,0x63,0x32,0x28,0x31,0x2e,0x30,0x29,0x20,0x2d,0x20,0x61,0x62,
    0x73,0x28,0x5f,0x33,0x39,0x39,0x29,0x3b,0x0a,0x20,0x20,0x20,0x20,0x66,0x6c,0x6f,
    0x61,0x74,0x20,0x5f,0x35,0x31,0x37,0x20,0x3d,0x20,0x6d,0x69,0x6e,0x28,0x5f,0x35,
    0x31,0x31,0x2e,0x78,0x2c,0x20,0x5f,0x35,0x31,0x31,0x2e,0x79,0x29,0x3b,0x0a,0x20,
    0x20,0x20,0x20,0x76,0x65,0x63,0x32,0x20,0x5f,0x35,0x34,0x38,0x20,0x3d,0x20,0x63,
    0x6c,0x61,0x6d,0x70,0x28,0x75,0x76,0x2c,0x20,0x76,0x65,0x63,0x32,0x28,0x66,0x73,
    0x5f,0x73,0x63,0x65,0x6e,0x65,0x5b,0x73,0x6c,0x6f,0x74,0x20,0x2a,0x20,0x31,0x20,
    0x2b,0x20,0x31,0x39,0x5d,0x2e,0x78,0x29,0x2c,0x20,0x76,0x65,0x63,0x32,0x28,0x31,
    0x2e,0x30,0x20,0x2d,0x20,0x66,0x73,0x5f,0x73,0x63,0x65,0x6e,0x65,0x5b,0x73,0x6c,
    0x6f,0x74,0x20,0x2a,0x20,0x31,0x20,0x2b,0x20,0x31,0x39,0x5d,0x2e,0x78,0x29,0x29,
    0x3b,0x0a,0x20,0x20,0x20,0x20,0x66,0x6c,0x6f,0x61,0x74,0x20,0x6c,0x69,0x74,0x20,
    0x3d,0x20,0x30,0x2e,0x30,0x3b,0x0a,0x20,0x20,0x20,0x20,0x66,0x6f,0x72,0x20,0x28,
    0x69,0x6e,0x74,0x20,0x79,0x20,0x3d,0x20,0x2d,0x31,0x3b,0x20,0x79,0x20,0x3c,0x3d,
    0x20,0x31,0x3b,0x20,0x79,0x2b,0x2b,0x29,0x0a,0x20,0x20,0x20,0x20,0x7b,0x0a,0x20,
    0x20,0x20,0x20,0x20,0x20,0x20,0x20,0x66,0x6f,0x72,0x20,0x28,0x69,0x6e,0x74,0x20,
    0x78,0x20,0x3d,0x20,0x2d,0x31,0x3b,0x20,0x78,0x20,0x3c,0x3d,0x20,0x31,0x3b,0x20,
    0x78,0x2b,0x2b,0x29,0x0a,0x20,0x20,0x20,0x20,0x20,0x20,0x20,0x20,0x7b,0x0a,0x20,
    0x20,0x20,0x20,0x20,0x20,0x20,0x20,0x20,0x20,0x20,0x20,0x66,0x6c,0x6f,0x61,0x74,
    0x20,0x5f,0x35,0x39,0x30,0x20,0x3d,0x20,0x63,0x6c,0x61,0x6d,0x70,0x28,0x5f,0x35,
    0x30,0x35,0x2c,0x20,0x30,0x2e,0x30,0x2c,0x20,0x31,0x2e,0x30,0x29,0x3b,0x0a,0x20,
    0x20,0x20,0x20,0x20,0x20,0x20,0x20,0x20,0x20,0x20,0x20,0x6c,0x69,0x74,0x20,0x2b,
    0x3d,0x20,0x74,0x65,0x78,0x74,0x75,0x72,0x65,0x28,0x73,0x68,0x61,0x64,0x6f,0x77,
    0x5f,0x74,0x65,0x78,0x5f,0x73,0x68,0x61,0x64,0x6f,0x77,0x5f,0x73,0x6d,0x70,0x2c,
    0x20,0x76,0x65,0x63,0x34,0x28,0x76,0x65,0x63,0x34,0x28,0x5f,0x35,0x34,0x38,0x20,
    0x2b,0x20,0x28,0x76,0x65,0x63,0x32,0x28,0x66,0x6c,0x6f,0x61,0x74,0x28,0x78,0x29,
    0x2c,0x20,0x66,0x6c,0x6f,0x61,0x74,0x28,0x79,0x29,0x29,0x20,0x2a,0x20,0x66,0x73,
    0x5f,0x73,0x63,0x65,0x6e,0x65,0x5b,0x73,0x6c,0x6f,0x74,0x20,0x2a,0x20,0x31,0x20,
    0x2b,0x20,0x31,0x39,0x5d,0x2e,0x78,0x29,0x2c,0x20,0x66,0x6c,0x6f,0x61,0x74,0x28,
    0x73,0x6c,0x6f,0x74,0x29,0x2c,0x20,0x5f,0x35,0x39,0x30,0x29,0x2e,0x78,0x79,0x7a,
    0x2c,0x20,0x5f,0x35,0x39,0x30,0x29,0x29,0x3b,0x0a,0x20,0x20,0x20,0x20,0x20,0x20,
    0x20,0x20,0x7d,0x0a,0x20,0x20,0x20,0x20,0x7d,0x0a,0x20,0x20,0x20,0x20,0x72,0x65,
    0x74,0x75,0x72,0x6e,0x20,0x6d,0x69,0x78,0x28,0x31,0x2e,0x30,0x2c,0x20,0x6c,0x69,
    0x74,0x20,0x2a,0x20,0x30,0x2e,0x31,0x31,0x31,0x31,0x31,0x31,0x31,0x31,0x31,0x39,
    0x33,0x38,0x39,0x35,0x33,0x33,0x39,0x39,0x36,0x35,0x38,0x32,0x30,0x33,0x31,0x32,
    0x35,0x2c,0x20,0x28,0x63,0x6c,0x61,0x6d,0x70,0x28,0x5f,0x35,0x31,0x37,0x20,0x2a,
    0x20,0x31,0x30,0x2e,0x30,0x2c,0x20,0x30,0x2e,0x30,0x2c,0x20,0x31,0x2e,0x30,0x29,
    0x20,0x2a,0x20,0x28,0x28,0x73,0x74,0x65,0x70,0x28,0x30,0x2e,0x30,0x2c,0x20,0x5f,
    0x35,0x31,0x37,0x29,0x20,0x2a,0x20,0x73,0x74,0x65,0x70,0x28,0x5f,0x35,0x30,0x35,
    0x2c,0x20,0x31,0x2e,0x30,0x29,0x29,0x20,0x2a,0x20,0x73,0x74,0x65,0x70,0x28,0x30,
    0x2e,0x30,0x2c,0x20,0x5f,0x33,0x38,0x37,0x29,0x29,0x29,0x20,0x2a,0x20,0x66,0x73,
    0x5f,0x73,0x63,0x65,0x6e,0x65,0x5b,0x73,0x6c,0x6f,0x74,0x20,0x2a,0x20,0x31,0x20,
    0x2b,0x20,0x32,0x37,0x5d,0x2e,0x78,0x29,0x3b,0x0a,0x7d,0x0a,0x0a,0x76,0x6f,0x69,
    0x64,0x20,0x6d,0x61,0x69,0x6e,0x28,0x29,0x0a,0x7b,0x0a,0x20,0x20,0x20,0x20,0x69,
    0x6e,0x74,0x20,0x70,0x61,0x72,0x61,0x6d,0x20,0x3d,0x20,0x30,0x3b,0x0a,0x20,0x20,
    0x20,0x20,0x76,0x65,0x63,0x34,0x20,0x5f,0x36,0x32,0x35,0x20,0x3d,0x20,0x74,0x65,
    0x78,0x74,0x75,0x72,0x65,0x28,0x62,0x61,0x73,0x65,0x5f,0x63,0x6f,0x6c,0x6f,0x72,
    0x5f,0x74,0x65,0x78,0x5f,0x62,0x61,0x73,0x65,0x5f,0x63,0x6f,0x6c,0x6f,0x72,0x5f,
    0x73,0x6d,0x70,0x2c,0x20,0x74,0x65,0x78,0x5f,0x75,0x76,0x28,0x70,0x61,0x72,0x61,
    0x6d,0x29,0x29,0x3b,0x0a,0x20,0x20,0x20,0x20,0x76,0x65,0x63,0x33,0x20,0x70,0x61,
    0x72,0x61,0x6d,0x5f,0x31,0x20,0x3d,0x20,0x5f,0x36,0x32,0x35,0x2e,0x78,0x79,0x7a,
    0x3b,0x0a,0x20,0x20,0x20,0x20,0x76,0x65,0x63,0x34,0x20,0x5f,0x36,0x34,0x33,0x20,
    0x3d,0x20,0x28,0x76,0x65,0x63,0x34,0x28,0x73,0x72,0x67,0x62,0x5f,0x74,0x6f,0x5f,
    0x6c,0x69,0x6e,0x65,0x61,0x72,0x28,0x70,0x61,0x72,0x61,0x6d,0x5f,0x31,0x29,0x2c,
    0x20,0x5f,0x36,0x32,0x35,0x2e,0x77,0x29,0x20,0x2a,0x20,0x66,0x73,0x5f,0x70,0x61,
    0x72,0x61,0x6d,0x73,0x5b,0x30,0x5d,0x29,0x20,0x2a,0x20,0x76,0x5f,0x63,0x6f,0x6c,
    0x6f,0x72,0x3b,0x0a,0x20,0x20,0x20,0x20,0x66,0x6c,0x6f,0x61,0x74,0x20,0x5f,0x36,
    0x34,0x35,0x20,0x3d,0x20,0x5f,0x36,0x34,0x33,0x2e,0x77,0x3b,0x0a,0x20,0x20,0x20,
    0x20,0x69,0x66,0x20,0x28,0x5f,0x36,0x34,0x35,0x20,0x3c,0x20,0x66,0x73,0x5f,0x70,
    0x61,0x72,0x61,0x6d,0x73,0x5b,0x33,0x5d,0x2e,0x78,0x29,0x0a,0x20,0x20,0x20,0x20,
    0x7b,0x0a,0x20,0x20,0x20,0x20,0x20,0x20,0x20,0x20,0x64,0x69,0x73,0x63,0x61,0x72,
    0x64,0x3b,0x0a,0x20,0x20,0x20,0x20,0x7d,0x0a,0x20,0x20,0x20,0x20,0x69,0x66,0x20,
    0x28,0x66,0x73,0x5f,0x70,0x61,0x72,0x61,0x6d,0x73,0x5b,0x32,0x5d,0x2e,0x77,0x20,
    0x3c,0x20,0x30,0x2e,0x35,0x29,0x0a,0x20,0x20,0x20,0x20,0x7b,0x0a,0x20,0x20,0x20,
    0x20,0x20,0x20,0x20,0x20,0x76,0x65,0x63,0x33,0x20,0x70,0x61,0x72,0x61,0x6d,0x5f,
    0x32,0x20,0x3d,0x20,0x5f,0x36,0x34,0x33,0x2e,0x78,0x79,0x7a,0x3b,0x0a,0x20,0x20,
    0x20,0x20,0x20,0x20,0x20,0x20,0x76,0x65,0x63,0x33,0x20,0x5f,0x36,0x36,0x32,0x20,
    0x3d,0x20,0x74,0x6f,0x5f,0x64,0x69,0x73,0x70,0x6c,0x61,0x79,0x28,0x70,0x61,0x72,
    0x61,0x6d,0x5f,0x32,0x29,0x3b,0x0a,0x20,0x20,0x20,0x20,0x20,0x20,0x20,0x20,0x66,
    0x72,0x61,0x67,0x5f,0x63,0x6f,0x6c,0x6f,0x72,0x20,0x3d,0x20,0x76,0x65,0x63,0x34,
    0x28,0x5f,0x36,0x36,0x32,0x2c,0x20,0x5f,0x36,0x34,0x35,0x29,0x3b,0x0a,0x20,0x20,
    0x20,0x20,0x20,0x20,0x20,0x20,0x72,0x65,0x74,0x75,0x72,0x6e,0x3b,0x0a,0x20,0x20,
    0x20,0x20,0x7d,0x0a,0x20,0x20,0x20,0x20,0x76,0x65,0x63,0x33,0x20,0x5f,0x36,0x37,
    0x34,0x20,0x3d,0x20,0x6e,0x6f,0x72,0x6d,0x61,0x6c,0x69,0x7a,0x65,0x28,0x76,0x5f,
    0x6e,0x6f,0x72,0x6d,0x61,0x6c,0x29,0x3b,0x0a,0x20,0x20,0x20,0x20,0x76,0x65,0x63,
    0x33,0x20,0x6e,0x20,0x3d,0x20,0x5f,0x36,0x37,0x34,0x3b,0x0a,0x20,0x20,0x20,0x20,
    0x76,0x65,0x63,0x33,0x20,0x5f,0x36,0x38,0x35,0x20,0x3d,0x20,0x76,0x5f,0x74,0x61,
    0x6e,0x67,0x65,0x6e,0x74,0x2e,0x78,0x79,0x7a,0x20,0x2d,0x20,0x28,0x5f,0x36,0x37,
    0x34,0x20,0x2a,0x20,0x64,0x6f,0x74,0x28,0x5f,0x36,0x37,0x34,0x2c,0x20,0x76,0x5f,
    0x74,0x61,0x6e,0x67,0x65,0x6e,0x74,0x2e,0x78,0x79,0x7a,0x29,0x29,0x3b,0x0a,0x20,
    0x20,0x20,0x20,0x76,0x65,0x63,0x33,0x20,0x74,0x20,0x3d,0x20,0x5f,0x36,0x38,0x35,
    0x3b,0x0a,0x20,0x20,0x20,0x20,0x69,0x66,0x20,0x28,0x64,0x6f,0x74,0x28,0x5f,0x36,
    0x38,0x35,0x2c,0x20,0x5f,0x36,0x38,0x35,0x29,0x20,0x3e,0x20,0x39,0x2e,0x39,0x39,
    0x39,0x39,0x39,0x39,0x39,0x33,0x39,0x32,0x32,0x35,0x32,0x39,0x30,0x32,0x39,0x30,
    0x37,0x37,0x38,0x35,0x30,0x32,0x38,0x32,0x31,0x39,0x32,0x32,0x33,0x65,0x2d,0x30,
    0x39,0x29,0x0a,0x20,0x20,0x20,0x20,0x7b,0x0a,0x20,0x20,0x20,0x20,0x20,0x20,0x20,
    0x20,0x76,0x65,0x63,0x33,0x20,0x5f,0x36,0x39,0x39,0x20,0x3d,0x20,0x74,0x3b,0x0a,
    0x20,0x20,0x20,0x20,0x20,0x20,0x20,0x20,0x76,0x65,0x63,0x33,0x20,0x5f,0x37,0x30,
    0x30,0x20,0x3d,0x20,0x6e,0x6f,0x72,0x6d,0x61,0x6c,0x69,0x7a,0x65,0x28,0x5f,0x36,
    0x39,0x39,0x29,0x3b,0x0a,0x20,0x20,0x20,0x20,0x20,0x20,0x20,0x20,0x74,0x20,0x3d,
    0x20,0x5f,0x37,0x30,0x30,0x3b,0x0a,0x20,0x20,0x20,0x20,0x20,0x20,0x20,0x20,0x69,
    0x6e,0x74,0x20,0x70,0x61,0x72,0x61,0x6d,0x5f,0x33,0x20,0x3d,0x20,0x32,0x3b,0x0a,
    0x20,0x20,0x20,0x20,0x20,0x20,0x20,0x20,0x76,0x65,0x63,0x33,0x20,0x5f,0x37,0x32,
    0x31,0x20,0x3d,0x20,0x28,0x74,0x65,0x78,0x74,0x75,0x72,0x65,0x28,0x6e,0x6f,0x72,
    0x6d,0x61,0x6c,0x5f,0x74,0x65,0x78,0x5f,0x6e,0x6f,0x72,0x6d,0x61,0x6c,0x5f,0x73,
    0x6d,0x70,0x2c,0x20,0x74,0x65,0x78,0x5f,0x75,0x76,0x28,0x70,0x61,0x72,0x61,0x6d,
    0x5f,0x33,0x29,0x29,0x2e,0x78,0x79,0x7a,0x20,0x2a,0x20,0x32,0x2e,0x30,0x29,0x20,
    0x2d,0x20,0x76,0x65,0x63,0x33,0x28,0x31,0x2e,0x30,0x29,0x3b,0x0a,0x20,0x20,0x20,
    0x20,0x20,0x20,0x20,0x20,0x76,0x65,0x63,0x32,0x20,0x5f,0x37,0x32,0x36,0x20,0x3d,
    0x20,0x5f,0x37,0x32,0x31,0x2e,0x78,0x79,0x20,0x2a,0x20,0x66,0x73,0x5f,0x70,0x61,
    0x72,0x61,0x6d,0x73,0x5b,0x31,0x5d,0x2e,0x77,0x3b,0x0a,0x20,0x20,0x20,0x20,0x20,
    0x20,0x20,0x20,0x76,0x65,0x63,0x33,0x20,0x5f,0x31,0x31,0x31,0x35,0x20,0x3d,0x20,
    0x5f,0x37,0x32,0x31,0x3b,0x0a,0x20,0x20,0x20,0x20,0x20,0x20,0x20,0x20,0x5f,0x31,
    0x31,0x31,0x35,0x2e,0x78,0x20,0x3d,0x20,0x5f,0x37,0x32,0x36,0x2e,0x78,0x3b,0x0a,
    0x20,0x20,0x20,0x20,0x20,0x20,0x20,0x20,0x5f,0x31,0x31,0x31,0x35,0x2e,0x79,0x20,
    0x3d,0x20,0x5f,0x37,0x32,0x36,0x2e,0x79,0x3b,0x0a,0x20,0x20,0x20,0x20,0x20,0x20,
    0x20,0x20,0x6e,0x20,0x3d,0x20,0x6e,0x6f,0x72,0x6d,0x61,0x6c,0x69,0x7a,0x65,0x28,
    0x6d,0x61,0x74,0x33,0x28,0x74,0x2c,0x20,0x63,0x72,0x6f,0x73,0x73,0x28,0x6e,0x2c,
    0x20,0x5f,0x37,0x30,0x30,0x29,0x20,0x2a,0x20,0x76,0x5f,0x74,0x61,0x6e,0x67,0x65,
    0x6e,0x74,0x2e,0x77,0x2c,0x20,0x6e,0x29,0x20,0x2a,0x20,0x5f,0x31,0x31,0x31,0x35,
    0x29,0x3b,0x0a,0x20,0x20,0x20,0x20,0x7d,0x0a,0x20,0x20,0x20,0x20,0x6e,0x20,0x2a,
    0x3d,0x20,0x28,0x67,0x6c,0x5f,0x46,0x72,0x6f,0x6e,0x74,0x46,0x61,0x63,0x69,0x6e,
    0x67,0x20,0x3f,0x20,0x31,0x2e,0x30,0x20,0x3a,0x20,0x28,0x2d,0x31,0x2e,0x30,0x29,
    0x29,0x3b,0x0a,0x20,0x20,0x20,0x20,0x69,0x6e,0x74,0x20,0x70,0x61,0x72,0x61,0x6d,
    0x5f,0x34,0x20,0x3d,0x20,0x31,0x3b,0x0a,0x20,0x20,0x20,0x20,0x76,0x65,0x63,0x34,
    0x20,0x5f,0x37,0x36,0x32,0x20,0x3d,0x20,0x74,0x65,0x78,0x74,0x75,0x72,0x65,0x28,
    0x6d,0x65,0x74,0x61,0x6c,0x6c,0x69,0x63,0x5f,0x72,0x6f,0x75,0x67,0x68,0x6e,0x65,
    0x73,0x73,0x5f,0x74,0x65,0x78,0x5f,0x6d,0x65,0x74,0x61,0x6c,0x6c,0x69,0x63,0x5f,
    0x72,0x6f,0x75,0x67,0x68,0x6e,0x65,0x73,0x73,0x5f,0x73,0x6d,0x70,0x2c,0x20,0x74,
    0x65,0x78,0x5f,0x75,0x76,0x28,0x70,0x61,0x72,0x61,0x6d,0x5f,0x34,0x29,0x29,0x3b,
    0x0a,0x20,0x20,0x20,0x20,0x66,0x6c,0x6f,0x61,0x74,0x20,0x5f,0x37,0x37,0x30,0x20,
    0x3d,0x20,0x63,0x6c,0x61,0x6d,0x70,0x28,0x66,0x73,0x5f,0x70,0x61,0x72,0x61,0x6d,
    0x73,0x5b,0x32,0x5d,0x2e,0x78,0x20,0x2a,0x20,0x5f,0x37,0x36,0x32,0x2e,0x7a,0x2c,
    0x20,0x30,0x2e,0x30,0x2c,0x20,0x31,0x2e,0x30,0x29,0x3b,0x0a,0x20,0x20,0x20,0x20,
    0x66,0x6c,0x6f,0x61,0x74,0x20,0x5f,0x37,0x37,0x37,0x20,0x3d,0x20,0x63,0x6c,0x61,
    0x6d,0x70,0x28,0x66,0x73,0x5f,0x70,0x61,0x72,0x61,0x6d,0x73,0x5b,0x32,0x5d,0x2e,
    0x79,0x20,0x2a,0x20,0x5f,0x37,0x36,0x32,0x2e,0x79,0x2c,0x20,0x30,0x2e,0x30,0x32,
    0x39,0x39,0x39,0x39,0x39,0x39,0x39,0x33,0x32,0x39,0x34,0x34,0x37,0x37,0x34,0x36,
    0x32,0x37,0x36,0x38,0x35,0x35,0x34,0x36,0x38,0x37,0x35,0x2c,0x20,0x31,0x2e,0x30,
    0x29,0x3b,0x0a,0x20,0x20,0x20,0x20,0x66,0x6c,0x6f,0x61,0x74,0x20,0x5f,0x37,0x38,
    0x31,0x20,0x3d,0x20,0x5f,0x37,0x37,0x37,0x20,0x2a,0x20,0x5f,0x37,0x37,0x37,0x3b,
    0x0a,0x20,0x20,0x20,0x20,0x66,0x6c,0x6f,0x61,0x74,0x20,0x5f,0x37,0x38,0x35,0x20,
    0x3d,0x20,0x5f,0x37,0x38,0x31,0x20,0x2a,0x20,0x5f,0x37,0x38,0x31,0x3b,0x0a,0x20,
    0x20,0x20,0x20,0x76,0x65,0x63,0x33,0x20,0x5f,0x37,0x38,0x39,0x20,0x3d,0x20,0x5f,
    0x36,0x34,0x33,0x2e,0x78,0x79,0x7a,0x3b,0x0a,0x20,0x20,0x20,0x20,0x76,0x65,0x63,
    0x33,0x20,0x5f,0x37,0x39,0x32,0x20,0x3d,0x20,0x6d,0x69,0x78,0x28,0x76,0x65,0x63,
    0x33,0x28,0x30,0x2e,0x30,0x33,0x39,0x39,0x39,0x39,0x39,0x39,0x39,0x31,0x30,0x35,
    0x39,0x33,0x30,0x33,0x32,0x38,0x33,0x36,0x39,0x31,0x34,0x30,0x36,0x32,0x35,0x29,
    0x2c,0x20,0x5f,0x37,0x38,0x39,0x2c,0x20,0x76,0x65,0x63,0x33,0x28,0x5f,0x37,0x37,
    0x30,0x29,0x29,0x3b,0x0a,0x20,0x20,0x20,0x20,0x76,0x65,0x63,0x33,0x20,0x5f,0x37,
    0x39,0x38,0x20,0x3d,0x20,0x5f,0x37,0x38,0x39,0x20,0x2a,0x20,0x28,0x31,0x2e,0x30,
    0x20,0x2d,0x20,0x5f,0x37,0x37,0x30,0x29,0x3b,0x0a,0x20,0x20,0x20,0x20,0x76,0x65,
    0x63,0x33,0x20,0x5f,0x38,0x30,0x36,0x20,0x3d,0x20,0x6e,0x6f,0x72,0x6d,0x61,0x6c,
    0x69,0x7a,0x65,0x28,0x66,0x73,0x5f,0x73,0x63,0x65,0x6e,0x65,0x5b,0x30,0x5d,0x2e,
    0x78,0x79,0x7a,0x20,0x2d,0x20,0x76,0x5f,0x77,0x6f,0x72,0x6c,0x64,0x5f,0x70,0x6f,
    0x73,0x29,0x3b,0x0a,0x20,0x20,0x20,0x20,0x66,0x6c,0x6f,0x61,0x74,0x20,0x5f,0x38,
    0x31,0x32,0x20,0x3d,0x20,0x63,0x6c,0x61,0x6d,0x70,0x28,0x61,0x62,0x73,0x28,0x64,
    0x6f,0x74,0x28,0x6e,0x2c,0x20,0x5f,0x38,0x30,0x36,0x29,0x29,0x2c,0x20,0x39,0x2e,
    0x39,0x39,0x39,0x39,0x39,0x39,0x37,0x34,0x37,0x33,0x37,0x38,0x37,0x35,0x31,0x36,
    0x33,0x35,0x35,0x35,0x31,0x34,0x35,0x32,0x36,0x33,0x36,0x37,0x31,0x38,0x38,0x65,
    0x2d,0x30,0x35,0x2c,0x20,0x31,0x2e,0x30,0x29,0x3b,0x0a,0x20,0x20,0x20,0x20,0x69,
    0x6e,0x74,0x20,0x70,0x61,0x72,0x61,0x6d,0x5f,0x35,0x20,0x3d,0x20,0x33,0x3b,0x0a,
    0x20,0x20,0x20,0x20,0x76,0x65,0x63,0x33,0x20,0x63,0x6f,0x6c,0x6f,0x72,0x20,0x3d,
    0x20,0x28,0x66,0x73,0x5f,0x73,0x63,0x65,0x6e,0x65,0x5b,0x31,0x5d,0x2e,0x78,0x79,
    0x7a,0x20,0x2a,0x20,0x28,0x5f,0x37,0x39,0x38,0x20,0x2b,0x20,0x5f,0x37,0x39,0x32,
    0x29,0x29,0x20,0x2a,0x20,0x28,0x31,0x2e,0x30,0x20,0x2b,0x20,0x28,0x66,0x73,0x5f,
    0x70,0x61,0x72,0x61,0x6d,0x73,0x5b,0x32,0x5d,0x2e,0x7a,0x20,0x2a,0x20,0x28,0x74,
    0x65,0x78,0x74,0x75,0x72,0x65,0x28,0x6f,0x63,0x63,0x6c,0x75,0x73,0x69,0x6f,0x6e,
    0x5f,0x74,0x65,0x78,0x5f,0x6f,0x63,0x63,0x6c,0x75,0x73,0x69,0x6f,0x6e,0x5f,0x73,
    0x6d,0x70,0x2c,0x20,0x74,0x65,0x78,0x5f,0x75,0x76,0x28,0x70,0x61,0x72,0x61,0x6d,
    0x5f,0x35,0x29,0x29,0x2e,0x78,0x20,0x2d,0x20,0x31,0x2e,0x30,0x29,0x29,0x29,0x3b,
    0x0a,0x20,0x20,0x20,0x20,0x69,0x6e,0x74,0x20,0x5f,0x38,0x34,0x31,0x20,0x3d,0x20,
    0x69,0x6e,0x74,0x28,0x66,0x73,0x5f,0x70,0x61,0x72,0x61,0x6d,0x73,0x5b,0x33,0x5d,
    0x2e,0x79,0x29,0x3b,0x0a,0x20,0x20,0x20,0x20,0x76,0x65,0x63,0x33,0x20,0x6c,0x69,
    0x67,0x68,0x74,0x5f,0x64,0x69,0x72,0x3b,0x0a,0x20,0x20,0x20,0x20,0x76,0x65,0x63,
    0x33,0x20,0x5f,0x38,0x39,0x35,0x3b,0x0a,0x20,0x20,0x20,0x20,0x66,0x6f,0x72,0x20,
    0x28,0x69,0x6e,0x74,0x20,0x69,0x20,0x3d,0x20,0x30,0x3b,0x20,0x69,0x20,0x3c,0x20,
    0x38,0x3b,0x20,0x69,0x2b,0x2b,0x29,0x0a,0x20,0x20,0x20,0x20,0x7b,0x0a,0x20,0x20,
    0x20,0x20,0x20,0x20,0x20,0x20,0x69,0x66,0x20,0x28,0x69,0x20,0x3e,0x3d,0x20,0x5f,
    0x38,0x34,0x31,0x29,0x0a,0x20,0x20,0x20,0x20,0x20,0x20,0x20,0x20,0x7b,0x0a,0x20,
    0x20,0x20,0x20,0x20,0x20,0x20,0x20,0x20,0x20,0x20,0x20,0x62,0x72,0x65,0x61,0x6b,
    0x3b,0x0a,0x20,0x20,0x20,0x20,0x20,0x20,0x20,0x20,0x7d,0x0a,0x20,0x20,0x20,0x20,
    0x20,0x20,0x20,0x20,0x66,0x6c,0x6f,0x61,0x74,0x20,0x66,0x61,0x6c,0x6c,0x6f,0x66,
    0x66,0x20,0x3d,0x20,0x31,0x2e,0x30,0x3b,0x0a,0x20,0x20,0x20,0x20,0x20,0x20,0x20,
    0x20,0x69,0x6e,0x74,0x20,0x5f,0x38,0x37,0x31,0x20,0x3d,0x20,0x69,0x6e,0x74,0x28,
    0x66,0x73,0x5f,0x6c,0x69,0x67,0x68,0x74,0x73,0x5b,0x69,0x20,0x2a,0x20,0x31,0x20,
    0x2b,0x20,0x38,0x5d,0x2e,0x77,0x20,0x2b,0x20,0x30,0x2e,0x35,0x29,0x3b,0x0a,0x20,
    0x20,0x20,0x20,0x20,0x20,0x20,0x20,0x69,0x66,0x20,0x28,0x5f,0x38,0x37,0x31,0x20,
    0x3d,0x3d,0x20,0x30,0x29,0x0a,0x20,0x20,0x20,0x20,0x20,0x20,0x20,0x20,0x7b,0x0a,
    0x20,0x20,0x20,0x20,0x20,0x20,0x20,0x20,0x20,0x20,0x20,0x20,0x6c,0x69,0x67,0x68,
    0x74,0x5f,0x64,0x69,0x72,0x20,0x3d,0x20,0x6e,0x6f,0x72,0x6d,0x61,0x6c,0x69,0x7a,
    0x65,0x28,0x66,0x73,0x5f,0x6c,0x69,0x67,0x68,0x74,0x73,0x5b,0x69,0x20,0x2a,0x20,
    0x31,0x20,0x2b,0x20,0x38,0x5d,0x2e,0x78,0x79,0x7a,0x29,0x3b,0x0a,0x20,0x20,0x20,
    0x20,0x20,0x20,0x20,0x20,0x7d,0x0a,0x20,0x20,0x20,0x20,0x20,0x20,0x20,0x20,0x65,
    0x6c,0x73,0x65,0x0a,0x20,0x20,0x20,0x20,0x20,0x20,0x20,0x20,0x7b,0x0a,0x20,0x20,
    0x20,0x20,0x20,0x20,0x20,0x20,0x20,0x20,0x20,0x20,0x76,0x65,0x63,0x33,0x20,0x5f,
    0x38,0x38,0x39,0x20,0x3d,0x20,0x76,0x5f,0x77,0x6f,0x72,0x6c,0x64,0x5f,0x70,0x6f,
    0x73,0x20,0x2d,0x20,0x66,0x73,0x5f,0x6c,0x69,0x67,0x68,0x74,0x73,0x5b,0x69,0x20,
    0x2a,0x20,0x31,0x20,0x2b,0x20,0x30,0x5d,0x2e,0x78,0x79,0x7a,0x3b,0x0a,0x20,0x20,
    0x20,0x20,0x20,0x20,0x20,0x20,0x20,0x20,0x20,0x20,0x66,0x6c,0x6f,0x61,0x74,0x20,
    0x5f,0x38,0x39,0x32,0x20,0x3d,0x20,0x6c,0x65,0x6e,0x67,0x74,0x68,0x28,0x5f,0x38,
    0x38,0x39,0x29,0x3b,0x0a,0x20,0x20,0x20,0x20,0x20,0x20,0x20,0x20,0x20,0x20,0x20,
    0x20,0x69,0x66,0x20,0x28,0x5f,0x38,0x39,0x32,0x20,0x3e,0x20,0x39,0x2e,0x39,0x39,
    0x39,0x39,0x39,0x39,0x39,0x37,0x34,0x37,0x35,0x32,0x34,0x32,0x37,0x30,0x37,0x38,
    0x37,0x38,0x33,0x35,0x31,0x32,0x31,0x31,0x35,0x34,0x37,0x38,0x35,0x65,0x2d,0x30,
    0x37,0x29,0x0a,0x20,0x20,0x20,0x20,0x20,0x20,0x20,0x20,0x20,0x20,0x20,0x20,0x7b,
    0x0a,0x20,0x20,0x20,0x20,0x20,0x20,0x20,0x20,0x20,0x20,0x20,0x20,0x20,0x20,0x20,
    0x20,0x5f,0x38,0x39,0x35,0x20,0x3d,0x20,0x5f,0x38,0x38,0x39,0x20,0x2f,0x20,0x76,
    0x65,0x63,0x33,0x28,0x5f,0x38,0x39,0x32,0x29,0x3b,0x0a,0x20,0x20,0x20,0x20,0x20,
    0x20,0x20,0x20,0x20,0x20,0x20,0x20,0x7d,0x0a,0x20,0x20,0x20,0x20,0x20,0x20,0x20,
    0x20,0x20,0x20,0x20,0x20,0x65,0x6c,0x73,0x65,0x0a,0x20,0x20,0x20,0x20,0x20,0x20,
    0x20,0x20,0x20,0x20,0x20,0x20,0x7b,0x0a,0x20,0x20,0x20,0x20,0x20,0x20,0x20,0x20,
    0x20,0x20,0x20,0x20,0x20,0x20,0x20,0x20,0x5f,0x38,0x39,0x35,0x20,0x3d,0x20,0x76,
    0x65,0x63,0x33,0x28,0x30,0x2e,0x30,0x2c,0x20,0x2d,0x31,0x2e,0x30,0x2c,0x20,0x30,
    0x2e,0x30,0x29,0x3b,0x0a,0x20,0x20,0x20,0x20,0x20,0x20,0x20,0x20,0x20,0x20,0x20,
    0x20,0x7d,0x0a,0x20,0x20,0x20,0x20,0x20,0x20,0x20,0x20,0x20,0x20,0x20,0x20,0x6c,
    0x69,0x67,0x68,0x74,0x5f,0x64,0x69,0x72,0x20,0x3d,0x20,0x5f,0x38,0x39,0x35,0x3b,
    0x0a,0x20,0x20,0x20,0x20,0x20,0x20,0x20,0x20,0x20,0x20,0x20,0x20,0x66,0x6c,0x6f,
    0x61,0x74,0x20,0x70,0x61,0x72,0x61,0x6d,0x5f,0x36,0x20,0x3d,0x20,0x5f,0x38,0x39,
    0x32,0x3b,0x0a,0x20,0x20,0x20,0x20,0x20,0x20,0x20,0x20,0x20,0x20,0x20,0x20,0x66,
    0x6c,0x6f,0x61,0x74,0x20,0x70,0x61,0x72,0x61,0x6d,0x5f,0x37,0x20,0x3d,0x20,0x66,
    0x73,0x5f,0x6c,0x69,0x67,0x68,0x74,0x73,0x5b,0x69,0x20,0x2a,0x20,0x31,0x20,0x2b,
    0x20,0x30,0x5d,0x2e,0x77,0x3b,0x0a,0x20,0x20,0x20,0x20,0x20,0x20,0x20,0x20,0x20,
    0x20,0x20,0x20,0x66,0x61,0x6c,0x6c,0x6f,0x66,0x66,0x20,0x3d,0x20,0x61,0x74,0x74,
    0x65,0x6e,0x75,0x61,0x74,0x69,0x6f,0x6e,0x28,0x70,0x61,0x72,0x61,0x6d,0x5f,0x36,
    0x2c,0x20,0x70,0x61,0x72,0x61,0x6d,0x5f,0x37,0x29,0x3b,0x0a,0x20,0x20,0x20,0x20,
    0x20,0x20,0x20,0x20,0x20,0x20,0x20,0x20,0x69,0x66,0x20,0x28,0x5f,0x38,0x37,0x31,
    0x20,0x3d,0x3d,0x20,0x32,0x29,0x0a,0x20,0x20,0x20,0x20,0x20,0x20,0x20,0x20,0x20,
    0x20,0x20,0x20,0x7b,0x0a,0x20,0x20,0x20,0x20,0x20,0x20,0x20,0x20,0x20,0x20,0x20,
    0x20,0x20,0x20,0x20,0x20,0x66,0x6c,0x6f,0x61,0x74,0x20,0x70,0x61,0x72,0x61,0x6d,
    0x5f,0x38,0x20,0x3d,0x20,0x64,0x6f,0x74,0x28,0x6c,0x69,0x67,0x68,0x74,0x5f,0x64,
    0x69,0x72,0x2c,0x20,0x6e,0x6f,0x72,0x6d,0x61,0x6c,0x69,0x7a,0x65,0x28,0x66,0x73,
    0x5f,0x6c,0x69,0x67,0x68,0x74,0x73,0x5b,0x69,0x20,0x2a,0x20,0x31,0x20,0x2b,0x20,
    0x38,0x5d,0x2e,0x78,0x79,0x7a,0x29,0x29,0x3b,0x0a,0x20,0x20,0x20,0x20,0x20,0x20,
    0x20,0x20,0x20,0x20,0x20,0x20,0x20,0x20,0x20,0x20,0x66,0x6c,0x6f,0x61,0x74,0x20,
    0x70,0x61,0x72,0x61,0x6d,0x5f,0x39,0x20,0x3d,0x20,0x66,0x73,0x5f,0x6c,0x69,0x67,
    0x68,0x74,0x73,0x5b,0x69,0x20,0x2a,0x20,0x31,0x20,0x2b,0x20,0x32,0x34,0x5d,0x2e,
    0x78,0x3b,0x0a,0x20,0x20,0x20,0x20,0x20,0x20,0x20,0x20,0x20,0x20,0x20,0x20,0x20,
    0x20,0x20,0x20,0x66,0x6c,0x6f,0x61,0x74,0x20,0x70,0x61,0x72,0x61,0x6d,0x5f,0x31,
    0x30,0x20,0x3d,0x20,0x66,0x73,0x5f,0x6c,0x69,0x67,0x68,0x74,0x73,0x5b,0x69,0x20,
    0x2a,0x20,0x31,0x20,0x2b,0x20,0x32,0x34,0x5d,0x2e,0x79,0x3b,0x0a,0x20,0x20,0x20,
    0x20,0x20,0x20,0x20,0x20,0x20,0x20,0x20,0x20,0x20,0x20,0x20,0x20,0x66,0x61,0x6c,
    0x6c,0x6f,0x66,0x66,0x20,0x2a,0x3d,0x20,0x73,0x70,0x6f,0x74,0x5f,0x66,0x61,0x63,
    0x74,0x6f,0x72,0x28,0x70,0x61,0x72,0x61,0x6d,0x5f,0x38,0x2c,0x20,0x70,0x61,0x72,
    0x61,0x6d,0x5f,0x39,0x2c,0x20,0x70,0x61,0x72,0x61,0x6d,0x5f,0x31,0x30,0x29,0x3b,
    0x0a,0x20,0x20,0x20,0x20,0x20,0x20,0x20,0x20,0x20,0x20,0x20,0x20,0x7d,0x0a,0x20,
    0x20,0x20,0x20,0x20,0x20,0x20,0x20,0x7d,0x0a,0x20,0x20,0x20,0x20,0x20,0x20,0x20,
    0x20,0x76,0x65,0x63,0x33,0x20,0x5f,0x39,0x33,0x37,0x20,0x3d,0x20,0x2d,0x6c,0x69,
    0x67,0x68,0x74,0x5f,0x64,0x69,0x72,0x3b,0x0a,0x20,0x20,0x20,0x20,0x20,0x20,0x20,
    0x20,0x66,0x6c,0x6f,0x61,0x74,0x20,0x5f,0x39,0x34,0x31,0x20,0x3d,0x20,0x64,0x6f,
    0x74,0x28,0x6e,0x2c,0x20,0x5f,0x39,0x33,0x37,0x29,0x3b,0x0a,0x20,0x20,0x20,0x20,
    0x20,0x20,0x20,0x20,0x69,0x66,0x20,0x28,0x28,0x5f,0x39,0x34,0x31,0x20,0x3c,0x3d,
    0x20,0x30,0x2e,0x30,0x29,0x20,0x7c,0x7c,0x20,0x28,0x66,0x61,0x6c,0x6c,0x6f,0x66,
    0x66,0x20,0x3c,0x3d,0x20,0x30,0x2e,0x30,0x29,0x29,0x0a,0x20,0x20,0x20,0x20,0x20,
    0x20,0x20,0x20,0x7b,0x0a,0x20,0x20,0x20,0x20,0x20,0x20,0x20,0x20,0x20,0x20,0x20,
    0x20,0x63,0x6f,0x6e,0x74,0x69,0x6e,0x75,0x65,0x3b,0x0a,0x20,0x20,0x20,0x20,0x20,
    0x20,0x20,0x20,0x7d,0x0a,0x20,0x20,0x20,0x20,0x20,0x20,0x20,0x20,0x76,0x65,0x63,
    0x33,0x20,0x5f,0x39,0x35,0x34,0x20,0x3d,0x20,0x6e,0x6f,0x72,0x6d,0x61,0x6c,0x69,
    0x7a,0x65,0x28,0x5f,0x39,0x33,0x37,0x20,0x2b,0x20,0x5f,0x38,0x30,0x36,0x29,0x3b,
    0x0a,0x20,0x20,0x20,0x20,0x20,0x20,0x20,0x20,0x66,0x6c,0x6f,0x61,0x74,0x20,0x5f,
    0x39,0x35,0x39,0x20,0x3d,0x20,0x63,0x6c,0x61,0x6d,0x70,0x28,0x64,0x6f,0x74,0x28,
    0x6e,0x2c,0x20,0x5f,0x39,0x35,0x34,0x29,0x2c,0x20,0x30,0x2e,0x30,0x2c,0x20,0x31,
    0x2e,0x30,0x29,0x3b,0x0a,0x20,0x20,0x20,0x20,0x20,0x20,0x20,0x20,0x76,0x65,0x63,
    0x33,0x20,0x5f,0x39,0x37,0x35,0x20,0x3d,0x20,0x5f,0x37,0x39,0x32,0x20,0x2b,0x20,
    0x28,0x28,0x76,0x65,0x63,0x33,0x28,0x31,0x2e,0x30,0x29,0x20,0x2d,0x20,0x5f,0x37,
    0x39,0x32,0x29,0x20,0x2a,0x20,0x70,0x6f,0x77,0x28,0x31,0x2e,0x30,0x20,0x2d,0x20,
    0x63,0x6c,0x61,0x6d,0x70,0x28,0x64,0x6f,0x74,0x28,0x5f,0x38,0x30,0x36,0x2c,0x20,
    0x5f,0x39,0x35,0x34,0x29,0x2c,0x20,0x30,0x2e,0x30,0x2c,0x20,0x31,0x2e,0x30,0x29,
    0x2c,0x20,0x35,0x2e,0x30,0x29,0x29,0x3b,0x0a,0x20,0x20,0x20,0x20,0x20,0x20,0x20,
    0x20,0x66,0x6c,0x6f,0x61,0x74,0x20,0x5f,0x39,0x38,0x33,0x20,0x3d,0x20,0x28,0x28,
    0x5f,0x39,0x35,0x39,0x20,0x2a,0x20,0x5f,0x39,0x35,0x39,0x29,0x20,0x2a,0x20,0x28,
    0x5f,0x37,0x38,0x35,0x20,0x2d,0x20,0x31,0x2e,0x30,0x29,0x29,0x20,0x2b,0x20,0x31,
    0x2e,0x30,0x3b,0x0a,0x20,0x20,0x20,0x20,0x20,0x20,0x20,0x20,0x66,0x6c,0x6f,0x61,
    0x74,0x20,0x5f,0x39,0x39,0x38,0x20,0x3d,0x20,0x31,0x2e,0x30,0x20,0x2d,0x20,0x5f,
    0x37,0x38,0x35,0x3b,0x0a,0x20,0x20,0x20,0x20,0x20,0x20,0x20,0x20,0x69,0x6e,0x74,
    0x20,0x5f,0x31,0x30,0x34,0x30,0x20,0x3d,0x20,0x69,0x6e,0x74,0x28,0x66,0x73,0x5f,
    0x6c,0x69,0x67,0x68,0x74,0x73,0x5b,0x69,0x20,0x2a,0x20,0x31,0x20,0x2b,0x20,0x32,
    0x34,0x5d,0x2e,0x7a,0x29,0x3b,0x0a,0x20,0x20,0x20,0x20,0x20,0x20,0x20,0x20,0x69,
    0x66,0x20,0x28,0x5f,0x31,0x30,0x34,0x30,0x20,0x3e,0x3d,0x20,0x30,0x29,0x0a,0x20,
    0x20,0x20,0x20,0x20,0x20,0x20,0x20,0x7b,0x0a,0x20,0x20,0x20,0x20,0x20,0x20,0x20,
    0x20,0x20,0x20,0x20,0x20,0x69,0x6e,0x74,0x20,0x70,0x61,0x72,0x61,0x6d,0x5f,0x31,
    0x31,0x20,0x3d,0x20,0x5f,0x31,0x30,0x34,0x30,0x3b,0x0a,0x20,0x20,0x20,0x20,0x20,
    0x20,0x20,0x20,0x20,0x20,0x20,0x20,0x76,0x65,0x63,0x33,0x20,0x70,0x61,0x72,0x61,
    0x6d,0x5f,0x31,0x32,0x20,0x3d,0x20,0x76,0x5f,0x77,0x6f,0x72,0x6c,0x64,0x5f,0x70,
    0x6f,0x73,0x3b,0x0a,0x20,0x20,0x20,0x20,0x20,0x20,0x20,0x20,0x20,0x20,0x20,0x20,
    0x76,0x65,0x63,0x33,0x20,0x70,0x61,0x72,0x61,0x6d,0x5f,0x31,0x33,0x20,0x3d,0x20,
    0x6e,0x3b,0x0a,0x20,0x20,0x20,0x20,0x20,0x20,0x20,0x20,0x20,0x20,0x20,0x20,0x66,
    0x6c,0x6f,0x61,0x74,0x20,0x70,0x61,0x72,0x61,0x6d,0x5f,0x31,0x34,0x20,0x3d,0x20,
    0x5f,0x39,0x34,0x31,0x3b,0x0a,0x20,0x20,0x20,0x20,0x20,0x20,0x20,0x20,0x20,0x20,
    0x20,0x20,0x66,0x6c,0x6f,0x61,0x74,0x20,0x5f,0x31,0x30,0x35,0x34,0x20,0x3d,0x20,
    0x73,0x68,0x61,0x64,0x6f,0x77,0x5f,0x66,0x61,0x63,0x74,0x6f,0x72,0x28,0x70,0x61,
    0x72,0x61,0x6d,0x5f,0x31,0x31,0x2c,0x20,0x70,0x61,0x72,0x61,0x6d,0x5f,0x31,0x32,
    0x2c,0x20,0x70,0x61,0x72,0x61,0x6d,0x5f,0x31,0x33,0x2c,0x20,0x70,0x61,0x72,0x61,
    0x6d,0x5f,0x31,0x34,0x29,0x3b,0x0a,0x20,0x20,0x20,0x20,0x20,0x20,0x20,0x20,0x20,
    0x20,0x20,0x20,0x63,0x6f,0x6c,0x6f,0x72,0x20,0x2b,0x3d,0x20,0x28,0x28,0x66,0x73,
    0x5f,0x73,0x63,0x65,0x6e,0x65,0x5b,0x5f,0x31,0x30,0x34,0x30,0x20,0x2a,0x20,0x31,
    0x20,0x2b,0x20,0x32,0x33,0x5d,0x2e,0x78,0x79,0x7a,0x20,0x2a,0x20,0x28,0x31,0x2e,
    0x30,0x20,0x2d,0x20,0x5f,0x31,0x30,0x35,0x34,0x29,0x29,0x20,0x2a,0x20,0x5f,0x37,
    0x39,0x38,0x29,0x3b,0x0a,0x20,0x20,0x20,0x20,0x20,0x20,0x20,0x20,0x20,0x20,0x20,
    0x20,0x66,0x61,0x6c,0x6c,0x6f,0x66,0x66,0x20,0x2a,0x3d,0x20,0x5f,0x31,0x30,0x35,
    0x34,0x3b,0x0a,0x20,0x20,0x20,0x20,0x20,0x20,0x20,0x20,0x7d,0x0a,0x20,0x20,0x20,
    0x20,0x20,0x20,0x20,0x20,0x63,0x6f,0x6c,0x6f,0x72,0x20,0x2b,0x3d,0x20,0x28,0x28,
    0x28,0x66,0x73,0x5f,0x6c,0x69,0x67,0x68,0x74,0x73,0x5b,0x69,0x20,0x2a,0x20,0x31,
    0x20,0x2b,0x20,0x31,0x36,0x5d,0x2e,0x78,0x79,0x7a,0x20,0x2a,0x20,0x66,0x61,0x6c,
    0x6c,0x6f,0x66,0x66,0x29,0x20,0x2a,0x20,0x5f,0x39,0x34,0x31,0x29,0x20,0x2a,0x20,
    0x28,0x28,0x28,0x28,0x76,0x65,0x63,0x33,0x28,0x31,0x2e,0x30,0x29,0x20,0x2d,0x20,
    0x5f,0x39,0x37,0x35,0x29,0x20,0x2a,0x20,0x5f,0x37,0x39,0x38,0x29,0x20,0x2a,0x20,
    0x76,0x65,0x63,0x33,0x28,0x30,0x2e,0x33,0x31,0x38,0x33,0x30,0x39,0x38,0x37,0x33,
    0x33,0x34,0x32,0x35,0x31,0x34,0x30,0x33,0x38,0x30,0x38,0x35,0x39,0x33,0x37,0x35,
    0x29,0x29,0x20,0x2b,0x20,0x28,0x28,0x5f,0x39,0x37,0x35,0x20,0x2a,0x20,0x28,0x5f,
    0x37,0x38,0x35,0x20,0x2f,0x20,0x28,0x28,0x33,0x2e,0x31,0x34,0x31,0x35,0x39,0x32,
    0x37,0x34,0x31,0x30,0x31,0x32,0x35,0x37,0x33,0x32,0x34,0x32,0x31,0x38,0x37,0x35,
    0x20,0x2a,0x20,0x5f,0x39,0x38,0x33,0x29,0x20,0x2a,0x20,0x5f,0x39,0x38,0x33,0x29,
    0x29,0x29,0x20,0x2a,0x20,0x28,0x30,0x2e,0x35,0x20,0x2f,0x20,0x6d,0x61,0x78,0x28,
    0x28,0x5f,0x39,0x34,0x31,0x20,0x2a,0x20,0x73,0x71,0x72,0x74,0x28,0x28,0x28,0x5f,
    0x38,0x31,0x32,0x20,0x2a,0x20,0x5f,0x38,0x31,0x32,0x29,0x20,0x2a,0x20,0x5f,0x39,
    0x39,0x38,0x29,0x20,0x2b,0x20,0x5f,0x37,0x38,0x35,0x29,0x29,0x20,0x2b,0x20,0x28,
    0x5f,0x38,0x31,0x32,0x20,0x2a,0x20,0x73,0x71,0x72,0x74,0x28,0x28,0x28,0x5f,0x39,
    0x34,0x31,0x20,0x2a,0x20,0x5f,0x39,0x34,0x31,0x29,0x20,0x2a,0x20,0x5f,0x39,0x39,
    0x38,0x29,0x20,0x2b,0x20,0x5f,0x37,0x38,0x35,0x29,0x29,0x2c,0x20,0x39,0x2e,0x39,
    0x39,0x39,0x39,0x39,0x39,0x39,0x37,0x34,0x37,0x35,0x32,0x34,0x32,0x37,0x30,0x37,
    0x38,0x37,0x38,0x33,0x35,0x31,0x32,0x31,0x31,0x35,0x34,0x37,0x38,0x35,0x65,0x2d,
    0x30,0x37,0x29,0x29,0x29,0x29,0x29,0x3b,0x0a,0x20,0x20,0x20,0x20,0x7d,0x0a,0x20,
    0x20,0x20,0x20,0x69,0x6e,0x74,0x20,0x70,0x61,0x72,0x61,0x6d,0x5f,0x31,0x35,0x20,
    0x3d,0x20,0x34,0x3b,0x0a,0x20,0x20,0x20,0x20,0x76,0x65,0x63,0x33,0x20,0x70,0x61,
    0x72,0x61,0x6d,0x5f,0x31,0x36,0x20,0x3d,0x20,0x74,0x65,0x78,0x74,0x75,0x72,0x65,
    0x28,0x65,0x6d,0x69,0x73,0x73,0x69,0x76,0x65,0x5f,0x74,0x65,0x78,0x5f,0x65,0x6d,
    0x69,0x73,0x73,0x69,0x76,0x65,0x5f,0x73,0x6d,0x70,0x2c,0x20,0x74,0x65,0x78,0x5f,
    0x75,0x76,0x28,0x70,0x61,0x72,0x61,0x6d,0x5f,0x31,0x35,0x29,0x29,0x2e,0x78,0x79,
    0x7a,0x3b,0x0a,0x20,0x20,0x20,0x20,0x76,0x65,0x63,0x33,0x20,0x5f,0x31,0x31,0x30,
    0x30,0x20,0x3d,0x20,0x63,0x6f,0x6c,0x6f,0x72,0x3b,0x0a,0x20,0x20,0x20,0x20,0x76,
    0x65,0x63,0x33,0x20,0x5f,0x31,0x31,0x30,0x31,0x20,0x3d,0x20,0x5f,0x31,0x31,0x30,
    0x30,0x20,0x2b,0x20,0x28,0x66,0x73,0x5f,0x70,0x61,0x72,0x61,0x6d,0x73,0x5b,0x31,
    0x5d,0x2e,0x78,0x79,0x7a,0x20,0x2a,0x20,0x73,0x72,0x67,0x62,0x5f,0x74,0x6f,0x5f,
    0x6c,0x69,0x6e,0x65,0x61,0x72,0x28,0x70,0x61,0x72,0x61,0x6d,0x5f,0x31,0x36,0x29,
    0x29,0x3b,0x0a,0x20,0x20,0x20,0x20,0x63,0x6f,0x6c,0x6f,0x72,0x20,0x3d,0x20,0x5f,
    0x31,0x31,0x30,0x31,0x3b,0x0a,0x20,0x20,0x20,0x20,0x76,0x65,0x63,0x33,0x20,0x70,
    0x61,0x72,0x61,0x6d,0x5f,0x31,0x37,0x20,0x3d,0x20,0x5f,0x31,0x31,0x30,0x31,0x3b,
    0x0a,0x20,0x20,0x20,0x20,0x76,0x65,0x63,0x33,0x20,0x5f,0x31,0x31,0x30,0x34,0x20,
    0x3d,0x20,0x74,0x6f,0x5f,0x64,0x69,0x73,0x70,0x6c,0x61,0x79,0x28,0x70,0x61,0x72,
    0x61,0x6d,0x5f,0x31,0x37,0x29,0x3b,0x0a,0x20,0x20,0x20,0x20,0x66,0x72,0x61,0x67,
    0x5f,0x63,0x6f,0x6c,0x6f,0x72,0x20,0x3d,0x20,0x76,0x65,0x63,0x34,0x28,0x5f,0x31,
    0x31,0x30,0x34,0x2c,0x20,0x5f,0x36,0x34,0x35,0x29,0x3b,0x0a,0x7d,0x0a,0x0a,0x00,

};
#endif
/*
    #version 300 es

    uniform vec4 vs_params[13];
    layout(location = 0) in vec3 position;
    out vec3 v_normal;
    layout(location = 1) in vec3 normal;
    out vec4 v_tangent;
    layout(location = 4) in vec4 tangent;
    out vec2 v_uv0;
    layout(location = 2) in vec2 texcoord0;
    out vec2 v_uv1;
    layout(location = 3) in vec2 texcoord1;
    out vec4 v_color;
    layout(location = 5) in vec4 color0;
    out vec3 v_world_pos;

    void main()
    {
        mat4 _18 = mat4(vs_params[4], vs_params[5], vs_params[6], vs_params[7]);
        vec4 _27 = vec4(position, 1.0);
        gl_Position = mat4(vs_params[0], vs_params[1], vs_params[2], vs_params[3]) * _27;
        mat4 _50 = mat4(vs_params[8], vs_params[9], vs_params[10], vs_params[11]);
        v_normal = mat3(_50[0].xyz, _50[1].xyz, _50[2].xyz) * normal;
        v_tangent = vec4(mat3(_18[0].xyz, _18[1].xyz, _18[2].xyz) * tangent.xyz, tangent.w * vs_params[12].x);
        v_uv0 = texcoord0;
        v_uv1 = texcoord1;
        v_color = color0;
        v_world_pos = (_18 * _27).xyz;
    }

*/
#if defined(SOKOL_GLES3)
static const uint8_t vs_source_glsl300es[960] = {
    0x23,0x76,0x65,0x72,0x73,0x69,0x6f,0x6e,0x20,0x33,0x30,0x30,0x20,0x65,0x73,0x0a,
    0x0a,0x75,0x6e,0x69,0x66,0x6f,0x72,0x6d,0x20,0x76,0x65,0x63,0x34,0x20,0x76,0x73,
    0x5f,0x70,0x61,0x72,0x61,0x6d,0x73,0x5b,0x31,0x33,0x5d,0x3b,0x0a,0x6c,0x61,0x79,
    0x6f,0x75,0x74,0x28,0x6c,0x6f,0x63,0x61,0x74,0x69,0x6f,0x6e,0x20,0x3d,0x20,0x30,
    0x29,0x20,0x69,0x6e,0x20,0x76,0x65,0x63,0x33,0x20,0x70,0x6f,0x73,0x69,0x74,0x69,
    0x6f,0x6e,0x3b,0x0a,0x6f,0x75,0x74,0x20,0x76,0x65,0x63,0x33,0x20,0x76,0x5f,0x6e,
    0x6f,0x72,0x6d,0x61,0x6c,0x3b,0x0a,0x6c,0x61,0x79,0x6f,0x75,0x74,0x28,0x6c,0x6f,
    0x63,0x61,0x74,0x69,0x6f,0x6e,0x20,0x3d,0x20,0x31,0x29,0x20,0x69,0x6e,0x20,0x76,
    0x65,0x63,0x33,0x20,0x6e,0x6f,0x72,0x6d,0x61,0x6c,0x3b,0x0a,0x6f,0x75,0x74,0x20,
    0x76,0x65,0x63,0x34,0x20,0x76,0x5f,0x74,0x61,0x6e,0x67,0x65,0x6e,0x74,0x3b,0x0a,
    0x6c,0x61,0x79,0x6f,0x75,0x74,0x28,0x6c,0x6f,0x63,0x61,0x74,0x69,0x6f,0x6e,0x20,
    0x3d,0x20,0x34,0x29,0x20,0x69,0x6e,0x20,0x76,0x65,0x63,0x34,0x20,0x74,0x61,0x6e,
    0x67,0x65,0x6e,0x74,0x3b,0x0a,0x6f,0x75,0x74,0x20,0x76,0x65,0x63,0x32,0x20,0x76,
    0x5f,0x75,0x76,0x30,0x3b,0x0a,0x6c,0x61,0x79,0x6f,0x75,0x74,0x28,0x6c,0x6f,0x63,
    0x61,0x74,0x69,0x6f,0x6e,0x20,0x3d,0x20,0x32,0x29,0x20,0x69,0x6e,0x20,0x76,0x65,
    0x63,0x32,0x20,0x74,0x65,0x78,0x63,0x6f,0x6f,0x72,0x64,0x30,0x3b,0x0a,0x6f,0x75,
    0x74,0x20,0x76,0x65,0x63,0x32,0x20,0x76,0x5f,0x75,0x76,0x31,0x3b,0x0a,0x6c,0x61,
    0x79,0x6f,0x75,0x74,0x28,0x6c,0x6f,0x63,0x61,0x74,0x69,0x6f,0x6e,0x20,0x3d,0x20,
    0x33,0x29,0x20,0x69,0x6e,0x20,0x76,0x65,0x63,0x32,0x20,0x74,0x65,0x78,0x63,0x6f,
    0x6f,0x72,0x64,0x31,0x3b,0x0a,0x6f,0x75,0x74,0x20,0x76,0x65,0x63,0x34,0x20,0x76,
    0x5f,0x63,0x6f,0x6c,0x6f,0x72,0x3b,0x0a,0x6c,0x61,0x79,0x6f,0x75,0x74,0x28,0x6c,
    0x6f,0x63,0x61,0x74,0x69,0x6f,0x6e,0x20,0x3d,0x20,0x35,0x29,0x20,0x69,0x6e,0x20,
    0x76,0x65,0x63,0x34,0x20,0x63,0x6f,0x6c,0x6f,0x72,0x30,0x3b,0x0a,0x6f,0x75,0x74,
    0x20,0x76,0x65,0x63,0x33,0x20,0x76,0x5f,0x77,0x6f,0x72,0x6c,0x64,0x5f,0x70,0x6f,
    0x73,0x3b,0x0a,0x0a,0x76,0x6f,0x69,0x64,0x20,0x6d,0x61,0x69,0x6e,0x28,0x29,0x0a,
    0x7b,0x0a,0x20,0x20,0x20,0x20,0x6d,0x61,0x74,0x34,0x20,0x5f,0x31,0x38,0x20,0x3d,
    0x20,0x6d,0x61,0x74,0x34,0x28,0x76,0x73,0x5f,0x70,0x61,0x72,0x61,0x6d,0x73,0x5b,
    0x34,0x5d,0x2c,0x20,0x76,0x73,0x5f,0x70,0x61,0x72,0x61,0x6d,0x73,0x5b,0x35,0x5d,
    0x2c,0x20,0x76,0x73,0x5f,0x70,0x61,0x72,0x61,0x6d,0x73,0x5b,0x36,0x5d,0x2c,0x20,
    0x76,0x73,0x5f,0x70,0x61,0x72,0x61,0x6d,0x73,0x5b,0x37,0x5d,0x29,0x3b,0x0a,0x20,
    0x20,0x20,0x20,0x76,0x65,0x63,0x34,0x20,0x5f,0x32,0x37,0x20,0x3d,0x20,0x76,0x65,
    0x63,0x34,0x28,0x70,0x6f,0x73,0x69,0x74,0x69,0x6f,0x6e,0x2c,0x20,0x31,0x2e,0x30,
    0x29,0x3b,0x0a,0x20,0x20,0x20,0x20,0x67,0x6c,0x5f,0x50,0x6f,0x73,0x69,0x74,0x69,
    0x6f,0x6e,0x20,0x3d,0x20,0x6d,0x61,0x74,0x34,0x28,0x76,0x73,0x5f,0x70,0x61,0x72,
    0x61,0x6d,0x73,0x5b,0x30,0x5d,0x2c,0x20,0x76,0x73,0x5f,0x70,0x61,0x72,0x61,0x6d,
    0x73,0x5b,0x31,0x5d,0x2c,0x20,0x76,0x73,0x5f,0x70,0x61,0x72,0x61,0x6d,0x73,0x5b,
    0x32,0x5d,0x2c,0x20,0x76,0x73,0x5f,0x70,0x61,0x72,0x61,0x6d,0x73,0x5b,0x33,0x5d,
    0x29,0x20,0x2a,0x20,0x5f,0x32,0x37,0x3b,0x0a,0x20,0x20,0x20,0x20,0x6d,0x61,0x74,
    0x34,0x20,0x5f,0x35,0x30,0x20,0x3d,0x20,0x6d,0x61,0x74,0x34,0x28,0x76,0x73,0x5f,
    0x70,0x61,0x72,0x61,0x6d,0x73,0x5b,0x38,0x5d,0x2c,0x20,0x76,0x73,0x5f,0x70,0x61,
    0x72,0x61,0x6d,0x73,0x5b,0x39,0x5d,0x2c,0x20,0x76,0x73,0x5f,0x70,0x61,0x72,0x61,
    0x6d,0x73,0x5b,0x31,0x30,0x5d,0x2c,0x20,0x76,0x73,0x5f,0x70,0x61,0x72,0x61,0x6d,
    0x73,0x5b,0x31,0x31,0x5d,0x29,0x3b,0x0a,0x20,0x20,0x20,0x20,0x76,0x5f,0x6e,0x6f,
    0x72,0x6d,0x61,0x6c,0x20,0x3d,0x20,0x6d,0x61,0x74,0x33,0x28,0x5f,0x35,0x30,0x5b,
    0x30,0x5d,0x2e,0x78,0x79,0x7a,0x2c,0x20,0x5f,0x35,0x30,0x5b,0x31,0x5d,0x2e,0x78,
    0x79,0x7a,0x2c,0x20,0x5f,0x35,0x30,0x5b,0x32,0x5d,0x2e,0x78,0x79,0x7a,0x29,0x20,
    0x2a,0x20,0x6e,0x6f,0x72,0x6d,0x61,0x6c,0x3b,0x0a,0x20,0x20,0x20,0x20,0x76,0x5f,
    0x74,0x61,0x6e,0x67,0x65,0x6e,0x74,0x20,0x3d,0x20,0x76,0x65,0x63,0x34,0x28,0x6d,
    0x61,0x74,0x33,0x28,0x5f,0x31,0x38,0x5b,0x30,0x5d,0x2e,0x78,0x79,0x7a,0x2c,0x20,
    0x5f,0x31,0x38,0x5b,0x31,0x5d,0x2e,0x78,0x79,0x7a,0x2c,0x20,0x5f,0x31,0x38,0x5b,
    0x32,0x5d,0x2e,0x78,0x79,0x7a,0x29,0x20,0x2a,0x20,0x74,0x61,0x6e,0x67,0x65,0x6e,
    0x74,0x2e,0x78,0x79,0x7a,0x2c,0x20,0x74,0x61,0x6e,0x67,0x65,0x6e,0x74,0x2e,0x77,
    0x20,0x2a,0x20,0x76,0x73,0x5f,0x70,0x61,0x72,0x61,0x6d,0x73,0x5b,0x31,0x32,0x5d,
    0x2e,0x78,0x29,0x3b,0x0a,0x20,0x20,0x20,0x20,0x76,0x5f,0x75,0x76,0x30,0x20,0x3d,
    0x20,0x74,0x65,0x78,0x63,0x6f,0x6f,0x72,0x64,0x30,0x3b,0x0a,0x20,0x20,0x20,0x20,
    0x76,0x5f,0x75,0x76,0x31,0x20,0x3d,0x20,0x74,0x65,0x78,0x63,0x6f,0x6f,0x72,0x64,
    0x31,0x3b,0x0a,0x20,0x20,0x20,0x20,0x76,0x5f,0x63,0x6f,0x6c,0x6f,0x72,0x20,0x3d,
    0x20,0x63,0x6f,0x6c,0x6f,0x72,0x30,0x3b,0x0a,0x20,0x20,0x20,0x20,0x76,0x5f,0x77,
    0x6f,0x72,0x6c,0x64,0x5f,0x70,0x6f,0x73,0x20,0x3d,0x20,0x28,0x5f,0x31,0x38,0x20,
    0x2a,0x20,0x5f,0x32,0x37,0x29,0x2e,0x78,0x79,0x7a,0x3b,0x0a,0x7d,0x0a,0x0a,0x00,

};
#endif
/*
    #version 300 es
    precision mediump float;
    precision highp int;

    uniform highp vec4 fs_scene[32];
    uniform highp vec4 fs_params[14];
    uniform highp vec4 fs_lights[32];
    uniform highp sampler2D base_color_tex_base_color_smp;
    uniform highp sampler2D normal_tex_normal_smp;
    uniform highp sampler2D metallic_roughness_tex_metallic_roughness_smp;
    uniform highp sampler2D occlusion_tex_occlusion_smp;
    uniform highp sampler2DArrayShadow shadow_tex_shadow_smp;
    uniform highp sampler2D emissive_tex_emissive_smp;

    in highp vec2 v_uv0;
    in highp vec2 v_uv1;
    in highp vec4 v_color;
    layout(location = 0) out highp vec4 frag_color;
    in highp vec3 v_normal;
    in highp vec4 v_tangent;
    in highp vec3 v_world_pos;

    highp vec2 tex_uv(int i)
    {
        bvec2 _275 = bvec2(fs_params[i * 1 + 4].w < 0.5);
        highp vec3 _279 = vec3(vec2(_275.x ? v_uv0.x : v_uv1.x, _275.y ? v_uv0.y : v_uv1.y), 1.0);
        return vec2(dot(fs_params[i * 1 + 4].xyz, _279), dot(fs_params[i * 1 + 9].xyz, _279));
    }

    highp vec3 srgb_to_linear(highp vec3 c)
    {
        return mix(c * vec3(0.077399380505084991455078125), pow((max(c, vec3(0.040449999272823333740234375)) + vec3(0.054999999701976776123046875)) * vec3(0.947867333889007568359375), vec3(2.400000095367431640625)), step(vec3(0.040449999272823333740234375), c));
    }

    highp vec3 tonemap_neutral(inout highp vec3 color)
    {
        highp float _116 = min(color.x, min(color.y, color.z));
        highp float _122;
        if (_116 < 0.07999999821186065673828125)
        {
            _122 = _116 - ((6.25 * _116) * _116);
        }
        else
        {
            _122 = 0.039999999105930328369140625;
        }
        color -= vec3(_122);
        highp float _141 = color.x;
        highp float _143 = color.y;
        highp float _145 = color.z;
        highp float _147 = max(_141, max(_143, _145));
        if (_147 < 0.7599999904632568359375)
        {
            return color;
        }
        highp float _162 = 1.0 - (0.057599999010562896728515625 / (_147 + (-0.519999980926513671875)));
        color *= (_162 / _147);
        return mix(color, vec3(_162), vec3(1.0 - (1.0 / ((0.1500000059604644775390625 * (_147 - _162)) + 1.0))));
    }

    highp vec3 tonemap_aces(inout highp vec3 color)
    {
        color *= 0.60000002384185791015625;
        return clamp((color * ((color * 2.5099999904632568359375) + vec3(0.02999999932944774627685546875))) / ((color * ((color * 2.4300000667572021484375) + vec3(0.589999973773956298828125))) + vec3(0.14000000059604644775390625)), vec3(0.0), vec3(1.0));
    }

    highp vec3 linear_to_srgb(inout highp vec3 c)
    {
        c = clamp(c, vec3(0.0), vec3(1.0));
        return mix(c * 12.9200000762939453125, (pow(max(c, vec3(0.003130800090730190277099609375)), vec3(0.4166666567325592041015625)) * 1.05499994754791259765625) - vec3(0.054999999701976776123046875), step(vec3(0.003130800090730190277099609375), c));
    }

    highp vec3 to_display(inout highp vec3 color)
    {
        color *= fs_scene[2].y;
        int _234 = int(fs_scene[2].x + 0.5);
        if (_234 == 1)
        {
            highp vec3 param = color;
            highp vec3 _242 = tonemap_neutral(param);
            color = _242;
        }
        else
        {
            if (_234 == 2)
            {
                highp vec3 param_1 = color;
                highp vec3 _250 = tonemap_aces(param_1);
                color = _250;
            }
        }
        highp vec3 param_2 = color;
        highp vec3 _253 = linear_to_srgb(param_2);
        return _253;
    }

    highp float attenuation(highp float d, highp float range)
    {
        highp float _303 = 1.0 / max(d * d, 0.00999999977648258209228515625);
        if (range <= 0.0)
        {
            return _303;
        }
        highp float _313 = d / range;
        highp float _323 = clamp(1.0 - (((_313 * _313) * _313) * _313), 0.0, 1.0);
        return (_323 * _323) * _303;
    }

    highp float spot_factor(highp float cos_angle, highp float cos_inner, highp float cos_outer)
    {
        if ((cos_inner - cos_outer) <= 9.9999999747524270787835121154785e-07)
        {
            return float(cos_angle >= cos_outer);
        }
        return smoothstep(cos_outer, cos_inner, cos_angle);
    }

    highp float shadow_factor(int slot, highp vec3 world_pos, highp vec3 n, highp float n_dot_l)
    {
        if (fs_params[3].z < 0.5)
        {
            return 1.0;
        }
        highp float _359 = 1.0 - clamp(n_dot_l, 0.0, 1.0);
        highp vec4 _382 = mat4(fs_scene[slot * 4 + 3], fs_scene[slot * 4 + 4], fs_scene[slot * 4 + 5], fs_scene[slot * 4 + 6]) * vec4(world_pos + (n * (fs_scene[slot * 1 + 19].y * (1.0 + (2.0 * _359)))), 1.0);
        highp float _387 = _382.w;
        highp vec3 _395 = (_382.xyz / vec3(max(abs(_387), 9.9999999747524270787835121154785e-07))) * sign(_387);
        highp vec2 _399 = _395.xy;
        highp vec2 uv = (_399 * 0.5) + vec2(0.5);
        if (fs_scene[31].x > 0.5)
        {
            highp vec2 _1123 = uv;
            _1123.y = 1.0 - _1123.y;
            uv = _1123;
        }
        highp float _422 = fs_scene[slot * 1 + 19].z + (fs_scene[slot * 1 + 19].w * _359);
        highp float _430 = _395.z;
        highp float _443 = max(fs_scene[slot * 1 + 27].y, 9.9999997473787516355514526367188e-05);
        highp float _450 = max(fs_scene[slot * 1 + 27].z, _443 + 0.001000000047497451305389404296875);
        highp float _455 = (2.0 * _443) * _450;
        highp float _458 = _450 + _443;
        highp float _463 = _450 - _443;
        highp float _467 = _455 / max(_458 - (_430 * _463), 9.9999999747524270787835121154785e-07);
        highp float _505 = mix(((_430 * 0.5) + 0.5) - (_422 * fs_scene[slot * 1 + 23].w), (((_458 - (_455 / max(_467 - ((_422 * fs_scene[slot * 1 + 19].y) * (_467 / _450)), _443))) / _463) * 0.5) + 0.5, step(0.5, fs_scene[slot * 1 + 27].w));
        highp vec2 _511 = vec2(1.0) - abs(_399);
        highp float _517 = min(_511.x, _511.y);
        highp vec2 _548 = clamp(uv, vec2(fs_scene[slot * 1 + 19].x), vec2(1.0 - fs_scene[slot * 1 + 19].x));
        highp float lit = 0.0;
        for (int y = -1; y <= 1; y++)
        {
            for (int x = -1; x <= 1; x++)
            {
                highp float _590 = clamp(_505, 0.0, 1.0);
                lit += texture(shadow_tex_shadow_smp, vec4(vec4(_548 + (vec2(float(x), float(y)) * fs_scene[slot * 1 + 19].x), float(slot), _590).xyz, _590));
            }
        }
        return mix(1.0, lit * 0.111111111938953399658203125, (clamp(_517 * 10.0, 0.0, 1.0) * ((step(0.0, _517) * step(_505, 1.0)) * step(0.0, _387))) * fs_scene[slot * 1 + 27].x);
    }

    void main()
    {
        int param = 0;
        highp vec4 _625 = texture(base_color_tex_base_color_smp, tex_uv(param));
        highp vec3 param_1 = _625.xyz;
        highp vec4 _643 = (vec4(srgb_to_linear(param_1), _625.w) * fs_params[0]) * v_color;
        highp float _645 = _643.w;
        if (_645 < fs_params[3].x)
        {
            discard;
        }
        if (fs_params[2].w < 0.5)
        {
            highp vec3 param_2 = _643.xyz;
            highp vec3 _662 = to_display(param_2);
            frag_color = vec4(_662, _645);
            return;
        }
        highp vec3 _674 = normalize(v_normal);
        highp vec3 n = _674;
        highp vec3 _685 = v_tangent.xyz - (_674 * dot(_674, v_tangent.xyz));
        highp vec3 t = _685;
        if (dot(_685, _685) > 9.9999999392252902907785028219223e-09)
        {
            highp vec3 _699 = t;
            highp vec3 _700 = normalize(_699);
            t = _700;
            int param_3 = 2;
            highp vec3 _721 = (texture(normal_tex_normal_smp, tex_uv(param_3)).xyz * 2.0) - vec3(1.0);
            highp vec2 _726 = _721.xy * fs_params[1].w;
            highp vec3 _1115 = _721;
            _1115.x = _726.x;
            _1115.y = _726.y;
            n = normalize(mat3(t, cross(n, _700) * v_tangent.w, n) * _1115);
        }
        n *= (gl_FrontFacing ? 1.0 : (-1.0));
        int param_4 = 1;
        highp vec4 _762 = texture(metallic_roughness_tex_metallic_roughness_smp, tex_uv(param_4));
        highp float _770 = clamp(fs_params[2].x * _762.z, 0.0, 1.0);
        highp float _777 = clamp(fs_params[2].y * _762.y, 0.02999999932944774627685546875, 1.0);
        highp float _781 = _777 * _777;
        highp float _785 = _781 * _781;
        highp vec3 _789 = _643.xyz;
        highp vec3 _792 = mix(vec3(0.039999999105930328369140625), _789, vec3(_770));
        highp vec3 _798 = _789 * (1.0 - _770);
        highp vec3 _806 = normalize(fs_scene[0].xyz - v_world_pos);
        highp float _812 = clamp(abs(dot(n, _806)), 9.9999997473787516355514526367188e-05, 1.0);
        int param_5 = 3;
        highp vec3 color = (fs_scene[1].xyz * (_798 + _792)) * (1.0 + (fs_params[2].z * (texture(occlusion_tex_occlusion_smp, tex_uv(param_5)).x - 1.0)));
        int _841 = int(fs_params[3].y);
        highp vec3 light_dir;
        highp vec3 _895;
        for (int i = 0; i < 8; i++)
        {
            if (i >= _841)
            {
                break;
            }
            highp float falloff = 1.0;
            int _871 = int(fs_lights[i * 1 + 8].w + 0.5);
            if (_871 == 0)
            {
                light_dir = normalize(fs_lights[i * 1 + 8].xyz);
            }
            else
            {
                highp vec3 _889 = v_world_pos - fs_lights[i * 1 + 0].xyz;
                highp float _892 = length(_889);
                if (_892 > 9.9999999747524270787835121154785e-07)
                {
                    _895 = _889 / vec3(_892);
                }
                else
                {
                    _895 = vec3(0.0, -1.0, 0.0);
                }
                light_dir = _895;
                highp float param_6 = _892;
                highp float param_7 = fs_lights[i * 1 + 0].w;
                falloff = attenuation(param_6, param_7);
                if (_871 == 2)
                {
                    highp float param_8 = dot(light_dir, normalize(fs_lights[i * 1 + 8].xyz));
                    highp float param_9 = fs_lights[i * 1 + 24].x;
                    highp float param_10 = fs_lights[i * 1 + 24].y;
                    falloff *= spot_factor(param_8, param_9, param_10);
                }
            }
            highp vec3 _937 = -light_dir;
            highp float _941 = dot(n, _937);
            if ((_941 <= 0.0) || (falloff <= 0.0))
            {
                continue;
            }
            highp vec3 _954 = normalize(_937 + _806);
            highp float _959 = clamp(dot(n, _954), 0.0, 1.0);
            highp vec3 _975 = _792 + ((vec3(1.0) - _792) * pow(1.0 - clamp(dot(_806, _954), 0.0, 1.0), 5.0));
            highp float _983 = ((_959 * _959) * (_785 - 1.0)) + 1.0;
            highp float _998 = 1.0 - _785;
            int _1040 = int(fs_lights[i * 1 + 24].z);
            if (_1040 >= 0)
            {
                int param_11 = _1040;
                highp vec3 param_12 = v_world_pos;
                highp vec3 param_13 = n;
                highp float param_14 = _941;
                highp float _1054 = shadow_factor(param_11, param_12, param_13, param_14);
                color += ((fs_scene[_1040 * 1 + 23].xyz * (1.0 - _1054)) * _798);
                falloff *= _1054;
            }
            color += (((fs_lights[i * 1 + 16].xyz * falloff) * _941) * ((((vec3(1.0) - _975) * _798) * vec3(0.3183098733425140380859375)) + ((_975 * (_785 / ((3.1415927410125732421875 * _983) * _983))) * (0.5 / max((_941 * sqrt(((_812 * _812) * _998) + _785)) + (_812 * sqrt(((_941 * _941) * _998) + _785)), 9.9999999747524270787835121154785e-07)))));
        }
        int param_15 = 4;
        highp vec3 param_16 = texture(emissive_tex_emissive_smp, tex_uv(param_15)).xyz;
        highp vec3 _1100 = color;
        highp vec3 _1101 = _1100 + (fs_params[1].xyz * srgb_to_linear(param_16));
        color = _1101;
        highp vec3 param_17 = _1101;
        highp vec3 _1104 = to_display(param_17);
        frag_color = vec4(_1104, _645);
    }

*/
#if defined(SOKOL_GLES3)
static const uint8_t fs_source_glsl300es[11091] = {
    0x23,0x76,0x65,0x72,0x73,0x69,0x6f,0x6e,0x20,0x33,0x30,0x30,0x20,0x65,0x73,0x0a,
    0x70,0x72,0x65,0x63,0x69,0x73,0x69,0x6f,0x6e,0x20,0x6d,0x65,0x64,0x69,0x75,0x6d,
    0x70,0x20,0x66,0x6c,0x6f,0x61,0x74,0x3b,0x0a,0x70,0x72,0x65,0x63,0x69,0x73,0x69,
    0x6f,0x6e,0x20,0x68,0x69,0x67,0x68,0x70,0x20,0x69,0x6e,0x74,0x3b,0x0a,0x0a,0x75,
    0x6e,0x69,0x66,0x6f,0x72,0x6d,0x20,0x68,0x69,0x67,0x68,0x70,0x20,0x76,0x65,0x63,
    0x34,0x20,0x66,0x73,0x5f,0x73,0x63,0x65,0x6e,0x65,0x5b,0x33,0x32,0x5d,0x3b,0x0a,
    0x75,0x6e,0x69,0x66,0x6f,0x72,0x6d,0x20,0x68,0x69,0x67,0x68,0x70,0x20,0x76,0x65,
    0x63,0x34,0x20,0x66,0x73,0x5f,0x70,0x61,0x72,0x61,0x6d,0x73,0x5b,0x31,0x34,0x5d,
    0x3b,0x0a,0x75,0x6e,0x69,0x66,0x6f,0x72,0x6d,0x20,0x68,0x69,0x67,0x68,0x70,0x20,
    0x76,0x65,0x63,0x34,0x20,0x66,0x73,0x5f,0x6c,0x69,0x67,0x68,0x74,0x73,0x5b,0x33,
    0x32,0x5d,0x3b,0x0a,0x75,0x6e,0x69,0x66,0x6f,0x72,0x6d,0x20,0x68,0x69,0x67,0x68,
    0x70,0x20,0x73,0x61,0x6d,0x70,0x6c,0x65,0x72,0x32,0x44,0x20,0x62,0x61,0x73,0x65,
    0x5f,0x63,0x6f,0x6c,0x6f,0x72,0x5f,0x74,0x65,0x78,0x5f,0x62,0x61,0x73,0x65,0x5f,
    0x63,0x6f,0x6c,0x6f,0x72,0x5f,0x73,0x6d,0x70,0x3b,0x0a,0x75,0x6e,0x69,0x66,0x6f,
    0x72,0x6d,0x20,0x68,0x69,0x67,0x68,0x70,0x20,0x73,0x61,0x6d,0x70,0x6c,0x65,0x72,
    0x32,0x44,0x20,0x6e,0x6f,0x72,0x6d,0x61,0x6c,0x5f,0x74,0x65,0x78,0x5f,0x6e,0x6f,
    0x72,0x6d,0x61,0x6c,0x5f,0x73,0x6d,0x70,0x3b,0x0a,0x75,0x6e,0x69,0x66,0x6f,0x72,
    0x6d,0x20,0x68,0x69,0x67,0x68,0x70,0x20,0x73,0x61,0x6d,0x70,0x6c,0x65,0x72,0x32,
    0x44,0x20,0x6d,0x65,0x74,0x61,0x6c,0x6c,0x69,0x63,0x5f,0x72,0x6f,0x75,0x67,0x68,
    0x6e,0x65,0x73,0x73,0x5f,0x74,0x65,0x78,0x5f,0x6d,0x65,0x74,0x61,0x6c,0x6c,0x69,
    0x63,0x5f,0x72,0x6f,0x75,0x67,0x68,0x6e,0x65,0x73,0x73,0x5f,0x73,0x6d,0x70,0x3b,
    0x0a,0x75,0x6e,0x69,0x66,0x6f,0x72,0x6d,0x20,0x68,0x69,0x67,0x68,0x70,0x20,0x73,
    0x61,0x6d,0x70,0x6c,0x65,0x72,0x32,0x44,0x20,0x6f,0x63,0x63,0x6c,0x75,0x73,0x69,
    0x6f,0x6e,0x5f,0x74,0x65,0x78,0x5f,0x6f,0x63,0x63,0x6c,0x75,0x73,0x69,0x6f,0x6e,
    0x5f,0x73,0x6d,0x70,0x3b,0x0a,0x75,0x6e,0x69,0x66,0x6f,0x72,0x6d,0x20,0x68,0x69,
    0x67,0x68,0x70,0x20,0x73,0x61,0x6d,0x70,0x6c,0x65,0x72,0x32,0x44,0x41,0x72,0x72,
    0x61,0x79,0x53,0x68,0x61,0x64,0x6f,0x77,0x20,0x73,0x68,0x61,0x64,0x6f,0x77,0x5f,
    0x74,0x65,0x78,0x5f,0x73,0x68,0x61,0x64,0x6f,0x77,0x5f,0x73,0x6d,0x70,0x3b,0x0a,
    0x75,0x6e,0x69,0x66,0x6f,0x72,0x6d,0x20,0x68,0x69,0x67,0x68,0x70,0x20,0x73,0x61,
    0x6d,0x70,0x6c,0x65,0x72,0x32,0x44,0x20,0x65,0x6d,0x69,0x73,0x73,0x69,0x76,0x65,
    0x5f,0x74,0x65,0x78,0x5f,0x65,0x6d,0x69,0x73,0x73,0x69,0x76,0x65,0x5f,0x73,0x6d,
    0x70,0x3b,0x0a,0x0a,0x69,0x6e,0x20,0x68,0x69,0x67,0x68,0x70,0x20,0x76,0x65,0x63,
    0x32,0x20,0x76,0x5f,0x75,0x76,0x30,0x3b,0x0a,0x69,0x6e,0x20,0x68,0x69,0x67,0x68,
    0x70,0x20,0x76,0x65,0x63,0x32,0x20,0x76,0x5f,0x75,0x76,0x31,0x3b,0x0a,0x69,0x6e,
    0x20,0x68,0x69,0x67,0x68,0x70,0x20,0x76,0x65,0x63,0x34,0x20,0x76,0x5f,0x63,0x6f,
    0x6c,0x6f,0x72,0x3b,0x0a,0x6c,0x61,0x79,0x6f,0x75,0x74,0x28,0x6c,0x6f,0x63,0x61,
    0x74,0x69,0x6f,0x6e,0x20,0x3d,0x20,0x30,0x29,0x20,0x6f,0x75,0x74,0x20,0x68,0x69,
    0x67,0x68,0x70,0x20,0x76,0x65,0x63,0x34,0x20,0x66,0x72,0x61,0x67,0x5f,0x63,0x6f,
    0x6c,0x6f,0x72,0x3b,0x0a,0x69,0x6e,0x20,0x68,0x69,0x67,0x68,0x70,0x20,0x76,0x65,
    0x63,0x33,0x20,0x76,0x5f,0x6e,0x6f,0x72,0x6d,0x61,0x6c,0x3b,0x0a,0x69,0x6e,0x20,
    0x68,0x69,0x67,0x68,0x70,0x20,0x76,0x65,0x63,0x34,0x20,0x76,0x5f,0x74,0x61,0x6e,
    0x67,0x65,0x6e,0x74,0x3b,0x0a,0x69,0x6e,0x20,0x68,0x69,0x67,0x68,0x70,0x20,0x76,
    0x65,0x63,0x33,0x20,0x76,0x5f,0x77,0x6f,0x72,0x6c,0x64,0x5f,0x70,0x6f,0x73,0x3b,
    0x0a,0x0a,0x68,0x69,0x67,0x68,0x70,0x20,0x76,0x65,0x63,0x32,0x20,0x74,0x65,0x78,
    0x5f,0x75,0x76,0x28,0x69,0x6e,0x74,0x20,0x69,0x29,0x0a,0x7b,0x0a,0x20,0x20,0x20,
    0x20,0x62,0x76,0x65,0x63,0x32,0x20,0x5f,0x32,0x37,0x35,0x20,0x3d,0x20,0x62,0x76,
    0x65,0x63,0x32,0x28,0x66,0x73,0x5f,0x70,0x61,0x72,0x61,0x6d,0x73,0x5b,0x69,0x20,
    0x2a,0x20,0x31,0x20,0x2b,0x20,0x34,0x5d,0x2e,0x77,0x20,0x3c,0x20,0x30,0x2e,0x35,
    0x29,0x3b,0x0a,0x20,0x20,0x20,0x20,0x68,0x69,0x67,0x68,0x70,0x20,0x76,0x65,0x63,
    0x33,0x20,0x5f,0x32,0x37,0x39,0x20,0x3d,0x20,0x76,0x65,0x63,0x33,0x28,0x76,0x65,
    0x63,0x32,0x28,0x5f,0x32,0x37,0x35,0x2e,0x78,0x20,0x3f,0x20,0x76,0x5f,0x75,0x76,
    0x30,0x2e,0x78,0x20,0x3a,0x20,0x76,0x5f,0x75,0x76,0x31,0x2e,0x78,0x2c,0x20,0x5f,
    0x32,0x37,0x35,0x2e,0x79,0x20,0x3f,0x20,0x76,0x5f,0x75,0x76,0x30,0x2e,0x79,0x20,
    0x3a,0x20,0x76,0x5f,0x75,0x76,0x31,0x2e,0x79,0x29,0x2c,0x20,0x31,0x2e,0x30,0x29,
    0x3b,0x0a,0x20,0x20,0x20,0x20,0x72,0x65,0x74,0x75,0x72,0x6e,0x20,0x76,0x65,0x63,
    0x32,0x28,0x64,0x6f,0x74,0x28,0x66,0x73,0x5f,0x70,0x61,0x72,0x61,0x6d,0x73,0x5b,
    0x69,0x20,0x2a,0x20,0x31,0x20,0x2b,0x20,0x34,0x5d,0x2e,0x78,0x79,0x7a,0x2c,0x20,
    0x5f,0x32,0x37,0x39,0x29,0x2c,0x20,0x64,0x6f,0x74,0x28,0x66,0x73,0x5f,0x70,0x61,
    0x72,0x61,0x6d,0x73,0x5b,0x69,0x20,0x2a,0x20,0x31,0x20,0x2b,0x20,0x39,0x5d,0x2e,
    0x78,0x79,0x7a,0x2c,0x20,0x5f,0x32,0x37,0x39,0x29,0x29,0x3b,0x0a,0x7d,0x0a,0x0a,
    0x68,0x69,0x67,0x68,0x70,0x20,0x76,0x65,0x63,0x33,0x20,0x73,0x72,0x67,0x62,0x5f,
    0x74,0x6f,0x5f,0x6c,0x69,0x6e,0x65,0x61,0x72,0x28,0x68,0x69,0x67,0x68,0x70,0x20,
    0x76,0x65,0x63,0x33,0x20,0x63,0x29,0x0a,0x7b,0x0a,0x20,0x20,0x20,0x20,0x72,0x65,
    0x74,0x75,0x72,0x6e,0x20,0x6d,0x69,0x78,0x28,0x63,0x20,0x2a,0x20,0x76,0x65,0x63,
    0x33,0x28,0x30,0x2e,0x30,0x37,0x37,0x33,0x39,0x39,0x33,0x38,0x30,0x35,0x30,0x35,
    0x30,0x38,0x34,0x39,0x39,0x31,0x34,0x35,0x35,0x30,0x37,0x38,0x31,0x32,0x35,0x29,
    0x2c,0x20,0x70,0x6f,0x77,0x28,0x28,0x6d,0x61,0x78,0x28,0x63,0x2c,0x20,0x76,0x65,
    0x63,0x33,0x28,0x30,0x2e,0x30,0x34,0x30,0x34,0x34,0x39,0x39,0x39,0x39,0x32,0x37,
    0x32,0x38,0x32,0x33,0x33,0x33,0x33,0x37,0x34,0x30,0x32,0x33,0x34,0x33,0x37,0x35,
    0x29,0x29,0x20,0x2b,0x20,0x76,0x65,0x63,0x33,0x28,0x30,0x2e,0x30,0x35,0x34,0x39,
    0x39,0x39,0x39,0x39,0x39,0x37,0x30,0x31,0x39,0x37,0x36,0x37,0x37,0x36,0x31,0x32,
    0x33,0x30,0x34,0x36,0x38,0x37,0x35,0x29,0x29,0x20,0x2a,0x20,0x76,0x65,0x63,0x33,
    0x28,0x30,0x2e,0x39,0x34,0x37,0x38,0x36,0x37,0x33,0x33,0x33,0x38,0x38,0x39,0x30,
    0x30,0x37,0x35,0x36,0x38,0x33,0x35,0x39,0x33,0x37,0x35,0x29,0x2c,0x20,0x76,0x65,
    0x63,0x33,0x28,0x32,0x2e,0x34,0x30,0x30,0x30,0x30,0x30,0x30,0x39,0x35,0x33,0x36,
    0x37,0x34,0x33,0x31,0x36,0x34,0x30,0x36,0x32,0x35,0x29,0x29,0x2c,0x20,0x73,0x74,
    0x65,0x70,0x28,0x76,0x65,0x63,0x33,0x28,0x30,0x2e,0x30,0x34,0x30,0x34,0x34,0x39,
    0x39,0x39,0x39,0x32,0x37,0x32,0x38,0x32,0x33,0x33,0x33,0x33,0x37,0x34,0x30,0x32,
    0x33,0x34,0x33,0x37,0x35,0x29,0x2c,0x20,0x63,0x29,0x29,0x3b,0x0a,0x7d,0x0a,0x0a,
    0x68,0x69,0x67,0x68,0x70,0x20,0x76,0x65,0x63,0x33,0x20,0x74,0x6f,0x6e,0x65,0x6d,
    0x61,0x70,0x5f,0x6e,0x65,0x75,0x74,0x72,0x61,0x6c,0x28,0x69,0x6e,0x6f,0x75,0x74,
    0x20,0x68,0x69,0x67,0x68,0x70,0x20,0x76,0x65,0x63,0x33,0x20,0x63,0x6f,0x6c,0x6f,
    0x72,0x29,0x0a,0x7b,0x0a,0x20,0x20,0x20,0x20,0x68,0x69,0x67,0x68,0x70,0x20,0x66,
    0x6c,0x6f,0x61,0x74,0x20,0x5f,0x31,0x31,0x36,0x20,0x3d,0x20,0x6d,0x69,0x6e,0x28,
    0x63,0x6f,0x6c,0x6f,0x72,0x2e,0x78,0x2c,0x20,0x6d,0x69,0x6e,0x28,0x63,0x6f,0x6c,
    0x6f,0x72,0x2e,0x79,0x2c,0x20,0x63,0x6f,0x6c,0x6f,0x72,0x2e,0x7a,0x29,0x29,0x3b,
    0x0a,0x20,0x20,0x20,0x20,0x68,0x69,0x67,0x68,0x70,0x20,0x66,0x6c,0x6f,0x61,0x74,
    0x20,0x5f,0x31,0x32,0x32,0x3b,0x0a,0x20,0x20,0x20,0x20,0x69,0x66,0x20,0x28,0x5f,
    0x31,0x31,0x36,0x20,0x3c,0x20,0x30,0x2e,0x30,0x37,0x39,0x39,0x39,0x39,0x39,0x39,
    0x38,0x32,0x31,0x31,0x38,0x36,0x30,0x36,0x35,0x36,0x37,0x33,0x38,0x32,0x38,0x31,
    0x32,0x35,0x29,0x0a,0x20,0x20,0x20,0x20,0x7b,0x0a,0x20,0x20,0x20,0x20,0x20,0x20,
    0x20,0x20,0x5f,0x31,0x32,0x32,0x20,0x3d,0x20,0x5f,0x31,0x31,0x36,0x20,0x2d,0x20,
    0x28,0x28,0x36,0x2e,0x32,0x35,0x20,0x2a,0x20,0x5f,0x31,0x31,0x36,0x29,0x20,0x2a,
    0x20,0x5f,0x31,0x31,0x36,0x29,0x3b,0x0a,0x20,0x20,0x20,0x20,0x7d,0x0a,0x20,0x20,
    0x20,0x20,0x65,0x6c,0x73,0x65,0x0a,0x20,0x20,0x20,0x20,0x7b,0x0a,0x20,0x20,0x20,
    0x20,0x20,0x20,0x20,0x20,0x5f,0x31,0x32,0x32,0x20,0x3d,0x20,0x30,0x2e,0x30,0x33,
    0x39,0x39,0x39,0x39,0x39,0x39,0x39,0x31,0x30,0x35,0x39,0x33,0x30,0x33,0x32,0x38,
    0x33,0x36,0x39,0x31,0x34,0x30,0x36,0x32,0x35,0x3b,0x0a,0x20,0x20,0x20,0x20,0x7d,
    0x0a,0x20,0x20,0x20,0x20,0x63,0x6f,0x6c,0x6f,0x72,0x20,0x2d,0x3d,0x20,0x76,0x65,
    0x63,0x33,0x28,0x5f,0x31,0x32,0x32,0x29,0x3b,0x0a,0x20,0x20,0x20,0x20,0x68,0x69,
    0x67,0x68,0x70,0x20,0x66,0x6c,0x6f,0x61,0x74,0x20,0x5f,0x31,0x34,0x31,0x20,0x3d,
    0x20,0x63,0x6f,0x6c,0x6f,0x72,0x2e,0x78,0x3b,0x0a,0x20,0x20,0x20,0x20,0x68,0x69,
    0x67,0x68,0x70,0x20,0x66,0x6c,0x6f,0x61,0x74,0x20,0x5f,0x31,0x34,0x33,0x20,0x3d,
    0x20,0x63,0x6f,0x6c,0x6f,0x72,0x2e,0x79,0x3b,0x0a,0x20,0x20,0x20,0x20,0x68,0x69,
    0x67,0x68,0x70,0x20,0x66,0x6c,0x6f,0x61,0x74,0x20,0x5f,0x31,0x34,0x35,0x20,0x3d,
    0x20,0x63,0x6f,0x6c,0x6f,0x72,0x2e,0x7a,0x3b,0x0a,0x20,0x20,0x20,0x20,0x68,0x69,
    0x67,0x68,0x70,0x20,0x66,0x6c,0x6f,0x61,0x74,0x20,0x5f,0x31,0x34,0x37,0x20,0x3d,
    0x20,0x6d,0x61,0x78,0x28,0x5f,0x31,0x34,0x31,0x2c,0x20,0x6d,0x61,0x78,0x28,0x5f,
    0x31,0x34,0x33,0x2c,0x20,0x5f,0x31,0x34,0x35,0x29,0x29,0x3b,0x0a,0x20,0x20,0x20,
    0x20,0x69,0x66,0x20,0x28,0x5f,0x31,0x34,0x37,0x20,0x3c,0x20,0x30,0x2e,0x37,0x35,
    0x39,0x39,0x39,0x39,0x39,0x39,0x30,0x34,0x36,0x33,0x32,0x35,0x36,0x38,0x33,0x35,
    0x39,0x33,0x37,0x35,0x29,0x0a,0x20,0x20,0x20,0x20,0x7b,0x0a,0x20,0x20,0x20,0x20,
    0x20,0x20,0x20,0x20,0x72,0x65,0x74,0x75,0x72,0x6e,0x20,0x63,0x6f,0x6c,0x6f,0x72,
    0x3b,0x0a,0x20,0x20,0x20,0x20,0x7d,0x0a,0x20,0x20,0x20,0x20,0x68,0x69,0x67,0x68,
    0x70,0x20,0x66,0x6c,0x6f,0x61,0x74,0x20,0x5f,0x31,0x36,0x32,0x20,0x3d,0x20,0x31,
    0x2e,0x30,0x20,0x2d,0x20,0x28,0x30,0x2e,0x30,0x35,0x37,0x35,0x39,0x39,0x39,0x39,
    0x39,0x30,0x31,0x30,0x35,0x36,0x32,0x38,0x39,0x36,0x37,0x32,0x38,0x35,0x31,0x35,
    0x36,0x32,0x35,0x20,0x2f,0x20,0x28,0x5f,0x31,0x34,0x37,0x20,0x2b,0x20,0x28,0x2d,
    0x30,0x2e,0x35,0x31,0x39,0x39,0x39,0x39,0x39,0x38,0x30,0x39,0x32,0x36,0x35,0x31,
    0x33,0x36,0x37,0x31,0x38,0x37,0x35,0x29,0x29,0x29,0x3b,0x0a,0x20,0x20,0x20,0x20,
    0x63,0x6f,0x6c,0x6f,0x72,0x20,0x2a,0x3d,0x20,0x28,0x5f,0x31,0x36,0x32,0x20,0x2f,
    0x20,0x5f,0x31,0x34,0x37,0x29,0x3b,0x0a,0x20,0x20,0x20,0x20,0x72,0x65,0x74,0x75,
    0x72,0x6e,0x20,0x6d,0x69,0x78,0x28,0x63,0x6f,0x6c,0x6f,0x72,0x2c,0x20,0x76,0x65,
    0x63,0x33,0x28,0x5f,0x31,0x36,0x32,0x29,0x2c,0x20,0x76,0x65,0x63,0x33,0x28,0x31,
    0x2e,0x30,0x20,0x2d,0x20,0x28,0x31,0x2e,0x30,0x20,0x2f,0x20,0x28,0x28,0x30,0x2e,
    0x31,0x35,0x30,0x30,0x30,0x30,0x30,0x30,0x35,0x39,0x36,0x30,0x34,0x36,0x34,0x34,
    0x37,0x37,0x35,0x33,0x39,0x30,0x36,0x32,0x35,0x20,0x2a,0x20,0x28,0x5f,0x31,0x34,
    0x37,0x20,0x2d,0x20,0x5f,0x31,0x36,0x32,0x29,0x29,0x20,0x2b,0x20,0x31,0x2e,0x30,
    0x29,0x29,0x29,0x29,0x3b,0x0a,0x7d,0x0a,0x0a,0x68,0x69,0x67,0x68,0x70,0x20,0x76,
    0x65,0x63,0x33,0x20,0x74,0x6f,0x6e,0x65,0x6d,0x61,0x70,0x5f,0x61,0x63,0x65,0x73,
    0x28,0x69,0x6e,0x6f,0x75,0x74,0x20,0x68,0x69,0x67,0x68,0x70,0x20,0x76,0x65,0x63,
    0x33,0x20,0x63,0x6f,0x6c,0x6f,0x72,0x29,0x0a,0x7b,0x0a,0x20,0x20,0x20,0x20,0x63,
    0x6f,0x6c,0x6f,0x72,0x20,0x2a,0x3d,0x20,0x30,0x2e,0x36,0x30,0x30,0x30,0x30,0x30,
    0x30,0x32,0x33,0x38,0x34,0x31,0x38,0x35,0x37,0x39,0x31,0x30,0x31,0x35,0x36,0x32,
    0x35,0x3b,0x0a,0x20,0x20,0x20,0x20,0x72,0x65,0x74,0x75,0x72,0x6e,0x20,0x63,0x6c,
    0x61,0x6d,0x70,0x28,0x28,0x63,0x6f,0x6c,0x6f,0x72,0x20,0x2a,0x20,0x28,0x28,0x63,
    0x6f,0x6c,0x6f,0x72,0x20,0x2a,0x20,0x32,0x2e,0x35,0x30,0x39,0x39,0x39,0x39,0x39,
    0x39,0x30,0x34,0x36,0x33,0x32,0x35,0x36,0x38,0x33,0x35,0x39,0x33,0x37,0x35,0x29,
    0x20,0x2b,0x20,0x76,0x65,0x63,0x33,0x28,0x30,0x2e,0x30,0x32,0x39,0x39,0x39,0x39,
    0x39,0x39,0x39,0x33,0x32,0x39,0x34,0x34,0x37,0x37,0x34,0x36,0x32,0x37,0x36,0x38,
    0x35,0x35,0x34,0x36,0x38,0x37,0x35,0x29,0x29,0x29,0x20,0x2f,0x20,0x28,0x28,0x63,
    0x6f,0x6c,0x6f,0x72,0x20,0x2a,0x20,0x28,0x28,0x63,0x6f,0x6c,0x6f,0x72,0x20,0x2a,
    0x20,0x32,0x2e,0x34,0x33,0x30,0x30,0x30,0x30,0x30,0x36,0x36,0x37,0x35,0x37,0x32,
    0x30,0x32,0x31,0x34,0x38,0x34,0x33,0x37,0x35,0x29,0x20,0x2b,0x20,0x76,0x65,0x63,
    0x33,0x28,0x30,0x2e,0x35,0x38,0x39,0x39,0x39,0x39,0x39,0x37,0x33,0x37,0x37,0x33,
    0x39,0x35,0x36,0x32,0x39,0x38,0x38,0x32,0x38,0x31,0x32,0x35,0x29,0x29,0x29,0x20,
    0x2b,0x20,0x76,0x65,0x63,0x33,0x28,0x30,0x2e,0x31,0x34,0x30,0x30,0x30,0x30,0x30,
    0x30,0x30,0x35,0x39,0x36,0x30,0x34,0x36,0x34,0x34,0x37,0x37,0x35,0x33,0x39,0x30,
    0x36,0x32,0x35,0x29,0x29,0x2c,0x20,0x76,0x65,0x63,0x33,0x28,0x30,0x2e,0x30,0x29,
    0x2c,0x20,0x76,0x65,0x63,0x33,0x28,0x31,0x2e,0x30,0x29,0x29,0x3b,0x0a,0x7d,0x0a,
    0x0a,0x68,0x69,0x67,0x68,0x70,0x20,0x76,0x65,0x63,0x33,0x20,0x6c,0x69,0x6e,0x65,
    0x61,0x72,0x5f,0x74,0x6f,0x5f,0x73,0x72,0x67,0x62,0x28,0x69,0x6e,0x6f,0x75,0x74,
    0x20,0x68,0x69,0x67,0x68,0x70,0x20,0x76,0x65,0x63,0x33,0x20,0x63,0x29,0x0a,0x7b,
    0x0a,0x20,0x20,0x20,0x20,0x63,0x20,0x3d,0x20,0x63,0x6c,0x61,0x6d,0x70,0x28,0x63,
    0x2c,0x20,0x76,0x65,0x63,0x33,0x28,0x30,0x2e,0x30,0x29,0x2c,0x20,0x76,0x65,0x63,
    0x33,0x28,0x31,0x2e,0x30,0x29,0x29,0x3b,0x0a,0x20,0x20,0x20,0x20,0x72,0x65,0x74,
    0x75,0x72,0x6e,0x20,0x6d,0x69,0x78,0x28,0x63,0x20,0x2a,0x20,0x31,0x32,0x2e,0x39,
    0x32,0x30,0x30,0x30,0x30,0x30,0x37,0x36,0x32,0x39,0x33,0x39,0x34,0x35,0x33,0x31,
    0x32,0x35,0x2c,0x20,0x28,0x70,0x6f,0x77,0x28,0x6d,0x61,0x78,0x28,0x63,0x2c,0x20,
    0x76,0x65,0x63,0x33,0x28,0x30,0x2e,0x30,0x30,0x33,0x31,0x33,0x30,0x38,0x30,0x30,
    0x30,0x39,0x30,0x37,0x33,0x30,0x31,0x39,0x30,0x32,0x37,0x37,0x30,0x39,0x39,0x36,
    0x30,0x39,0x33,0x37,0x35,0x29,0x29,0x2c,0x20,0x76,0x65,0x63,0x33,0x28,0x30,0x2e,
    0x34,0x31,0x36,0x36,0x36,0x36,0x36,0x35,0x36,0x37,0x33,0x32,0x35,0x35,0x39,0x32,
    0x30,0x34,0x31,0x30,0x31,0x35,0x36,0x32,0x35,0x29,0x29,0x20,0x2a,0x20,0x31,0x2e,
    0x30,0x35,0x34,0x39,0x39,0x39,0x39,0x34,0x37,0x35,0x34,0x37,0x39,0x31,0x32,0x35,
    0x39,0x37,0x36,0x35,0x36,0x32,0x35,0x29,0x20,0x2d,0x20,0x76,0x65,0x63,0x33,0x28,
    0x30,0x2e,0x30,0x35,0x34,0x39,0x39,0x39,0x39,0x39,0x39,0x37,0x30,0x31,0x39,0x37,
    0x36,0x37,0x37,0x36,0x31,0x32,0x33,0x30,0x34,0x36,0x38,0x37,0x35,0x29,0x2c,0x20,
    0x73,0x74,0x65,0x70,0x28,0x76,0x65,0x63,0x33,0x28,0x30,0x2e,0x30,0x30,0x33,0x31,
    0x33,0x30,0x38,0x30,0x30,0x30,0x39,0x30,0x37,0x33,0x30,0x31,0x39,0x30,0x32,0x37,
    0x37,0x30,0x39,0x39,0x36,0x30,0x39,0x33,0x37,0x35,0x29,0x2c,0x20,0x63,0x29,0x29,
    0x3b,0x0a,0x7d,0x0a,0x0a,0x68,0x69,0x67,0x68,0x70,0x20,0x76,0x65,0x63,0x33,0x20,
    0x74,0x6f,0x5f,0x64,0x69,0x73,0x70,0x6c,0x61,0x79,0x28,0x69,0x6e,0x6f,0x75,0x74,
    0x20,0x68,0x69,0x67,0x68,0x70,0x20,0x76,0x65,0x63,0x33,0x20,0x63,0x6f,0x6c,0x6f,
    0x72,0x29,0x0a,0x7b,0x0a,0x20,0x20,0x20,0x20,0x63,0x6f,0x6c,0x6f,0x72,0x20,0x2a,
    0x3d,0x20,0x66,0x73,0x5f,0x73,0x63,0x65,0x6e,0x65,0x5b,0x32,0x5d,0x2e,0x79,0x3b,
    0x0a,0x20,0x20,0x20,0x20,0x69,0x6e,0x74,0x20,0x5f,0x32,0x33,0x34,0x20,0x3d,0x20,
    0x69,0x6e,0x74,0x28,0x66,0x73,0x5f,0x73,0x63,0x65,0x6e,0x65,0x5b,0x32,0x5d,0x2e,
    0x78,0x20,0x2b,0x20,0x30,0x2e,0x35,0x29,0x3b,0x0a,0x20,0x20,0x20,0x20,0x69,0x66,
    0x20,0x28,0x5f,0x32,0x33,0x34,0x20,0x3d,0x3d,0x20,0x31,0x29,0x0a,0x20,0x20,0x20,
    0x20,0x7b,0x0a,0x20,0x20,0x20,0x20,0x20,0x20,0x20,0x20,0x68,0x69,0x67,0x68,0x70,
    0x20,0x76,0x65,0x63,0x33,0x20,0x70,0x61,0x72,0x61,0x6d,0x20,0x3d,0x20,0x63,0x6f,
    0x6c,0x6f,0x72,0x3b,0x0a,0x20,0x20,0x20,0x20,0x20,0x20,0x20,0x20,0x68,0x69,0x67,
    0x68,0x70,0x20,0x76,0x65,0x63,0x33,0x20,0x5f,0x32,0x34,0x32,0x20,0x3d,0x20,0x74,
    0x6f,0x6e,0x65,0x6d,0x61,0x70,0x5f,0x6e,0x65,0x75,0x74,0x72,0x61,0x6c,0x28,0x70,
    0x61,0x72,0x61,0x6d,0x29,0x3b,0x0a,0x20,0x20,0x20,0x20,0x20,0x20,0x20,0x20,0x63,
    0x6f,0x6c,0x6f,0x72,0x20,0x3d,0x20,0x5f,0x32,0x34,0x32,0x3b,0x0a,0x20,0x20,0x20,
    0x20,0x7d,0x0a,0x20,0x20,0x20,0x20,0x65,0x6c,0x73,0x65,0x0a,0x20,0x20,0x20,0x20,
    0x7b,0x0a,0x20,0x20,0x20,0x20,0x20,0x20,0x20,0x20,0x69,0x66,0x20,0x28,0x5f,0x32,
    0x33,0x34,0x20,0x3d,0x3d,0x20,0x32,0x29,0x0a,0x20,0x20,0x20,0x20,0x20,0x20,0x20,
    0x20,0x7b,0x0a,0x20,0x20,0x20,0x20,0x20,0x20,0x20,0x20,0x20,0x20,0x20,0x20,0x68,
    0x69,0x67,0x68,0x70,0x20,0x76,0x65,0x63,0x33,0x20,0x70,0x61,0x72,0x61,0x6d,0x5f,
    0x31,0x20,0x3d,0x20,0x63,0x6f,0x6c,0x6f,0x72,0x3b,0x0a,0x20,0x20,0x20,0x20,0x20,
    0x20,0x20,0x20,0x20,0x20,0x20,0x20,0x68,0x69,0x67,0x68,0x70,0x20,0x76,0x65,0x63,
    0x33,0x20,0x5f,0x32,0x35,0x30,0x20,0x3d,0x20,0x74,0x6f,0x6e,0x65,0x6d,0x61,0x70,
    0x5f,0x61,0x63,0x65,0x73,0x28,0x70,0x61,0x72,0x61,0x6d,0x5f,0x31,0x29,0x3b,0x0a,
    0x20,0x20,0x20,0x20,0x20,0x20,0x20,0x20,0x20,0x20,0x20,0x20,0x63,0x6f,0x6c,0x6f,
    0x72,0x20,0x3d,0x20,0x5f,0x32,0x35,0x30,0x3b,0x0a,0x20,0x20,0x20,0x20,0x20,0x20,
    0x20,0x20,0x7d,0x0a,0x20,0x20,0x20,0x20,0x7d,0x0a,0x20,0x20,0x20,0x20,0x68,0x69,
    0x67,0x68,0x70,0x20,0x76,0x65,0x63,0x33,0x20,0x70,0x61,0x72,0x61,0x6d,0x5f,0x32,
    0x20,0x3d,0x20,0x63,0x6f,0x6c,0x6f,0x72,0x3b,0x0a,0x20,0x20,0x20,0x20,0x68,0x69,
    0x67,0x68,0x70,0x20,0x76,0x65,0x63,0x33,0x20,0x5f,0x32,0x35,0x33,0x20,0x3d,0x20,
    0x6c,0x69,0x6e,0x65,0x61,0x72,0x5f,0x74,0x6f,0x5f,0x73,0x72,0x67,0x62,0x28,0x70,
    0x61,0x72,0x61,0x6d,0x5f,0x32,0x29,0x3b,0x0a,0x20,0x20,0x20,0x20,0x72,0x65,0x74,
    0x75,0x72,0x6e,0x20,0x5f,0x32,0x35,0x33,0x3b,0x0a,0x7d,0x0a,0x0a,0x68,0x69,0x67,
    0x68,0x70,0x20,0x66,0x6c,0x6f,0x61,0x74,0x20,0x61,0x74,0x74,0x65,0x6e,0x75,0x61,
    0x74,0x69,0x6f,0x6e,0x28,0x68,0x69,0x67,0x68,0x70,0x20,0x66,0x6c,0x6f,0x61,0x74,
    0x20,0x64,0x2c,0x20,0x68,0x69,0x67,0x68,0x70,0x20,0x66,0x6c,0x6f,0x61,0x74,0x20,
    0x72,0x61,0x6e,0x67,0x65,0x29,0x0a,0x7b,0x0a,0x20,0x20,0x20,0x20,0x68,0x69,0x67,
    0x68,0x70,0x20,0x66,0x6c,0x6f,0x61,0x74,0x20,0x5f,0x33,0x30,0x33,0x20,0x3d,0x20,
    0x31,0x2e,0x30,0x20,0x2f,0x20,0x6d,0x61,0x78,0x28,0x64,0x20,0x2a,0x20,0x64,0x2c,
    0x20,0x30,0x2e,0x30,0x30,0x39,0x39,0x39,0x39,0x39,0x39,0x39,0x37,0x37,0x36,0x34,
    0x38,0x32,0x35,0x38,0x32,0x30,0x39,0x32,0x32,0x38,0x35,0x31,0x35,0x36,0x32,0x35,
    0x29,0x3b,0x0a,0x20,0x20,0x20,0x20,0x69,0x66,0x20,0x28,0x72,0x61,0x6e,0x67,0x65,
    0x20,0x3c,0x3d,0x20,0x30,0x2e,0x30,0x29,0x0a,0x20,0x20,0x20,0x20,0x7b,0x0a,0x20,
    0x20,0x20,0x20,0x20,0x20,0x20,0x20,0x72,0x65,0x74,0x75,0x72,0x6e,0x20,0x5f,0x33,
    0x30,0x33,0x3b,0x0a,0x20,0x20,0x20,0x20,0x7d,0x0a,0x20,0x20,0x20,0x20,0x68,0x69,
    0x67,0x68,0x70,0x20,0x66,0x6c,0x6f,0x61,0x74,0x20,0x5f,0x33,0x31,0x33,0x20,0x3d,
    0x20,0x64,0x20,0x2f,0x20,0x72,0x61,0x6e,0x67,0x65,0x3b,0x0a,0x20,0x20,0x20,0x20,
    0x68,0x69,0x67,0x68,0x70,0x20,0x66,0x6c,0x6f,0x61,0x74,0x20,0x5f,0x33,0x32,0x33,
    0x20,0x3d,0x20,0x63,0x6c,0x61,0x6d,0x70,0x28,0x31,0x2e,0x30,0x20,0x2d,0x20,0x28,
    0x28,0x28,0x5f,0x33,0x31,0x33,0x20,0x2a,0x20,0x5f,0x33,0x31,0x33,0x29,0x20,0x2a,
    0x20,0x5f,0x33,0x31,0x33,0x29,0x20,0x2a,0x20,0x5f,0x33,0x31,0x33,0x29,0x2c,0x20,
    0x30,0x2e,0x30,0x2c,0x20,0x31,0x2e,0x30,0x29,0x3b,0x0a,0x20,0x20,0x20,0x20,0x72,
    0x65,0x74,0x75,0x72,0x6e,0x20,0x28,0x5f,0x33,0x32,0x33,0x20,0x2a,0x20,0x5f,0x33,
    0x32,0x33,0x29,0x20,0x2a,0x20,0x5f,0x33,0x30,0x33,0x3b,0x0a,0x7d,0x0a,0x0a,0x68,
    0x69,0x67,0x68,0x70,0x20,0x66,0x6c,0x6f,0x61,0x74,0x20,0x73,0x70,0x6f,0x74,0x5f,
    0x66,0x61,0x63,0x74,0x6f,0x72,0x28,0x68,0x69,0x67,0x68,0x70,0x20,0x66,0x6c,0x6f,
    0x61,0x74,0x20,0x63,0x6f,0x73,0x5f,0x61,0x6e,0x67,0x6c,0x65,0x2c,0x20,0x68,0x69,
    0x67,0x68,0x70,0x20,0x66,0x6c,0x6f,0x61,0x74,0x20,0x63,0x6f,0x73,0x5f,0x69,0x6e,
    0x6e,0x65,0x72,0x2c,0x20,0x68,0x69,0x67,0x68,0x70,0x20,0x66,0x6c,0x6f,0x61,0x74,
    0x20,0x63,0x6f,0x73,0x5f,0x6f,0x75,0x74,0x65,0x72,0x29,0x0a,0x7b,0x0a,0x20,0x20,
    0x20,0x20,0x69,0x66,0x20,0x28,0x28,0x63,0x6f,0x73,0x5f,0x69,0x6e,0x6e,0x65,0x72,
    0x20,0x2d,0x20,0x63,0x6f,0x73,0x5f,0x6f,0x75,0x74,0x65,0x72,0x29,0x20,0x3c,0x3d,
    0x20,0x39,0x2e,0x39,0x39,0x39,0x39,0x39,0x39,0x39,0x37,0x34,0x37,0x35,0x32,0x34,
    0x32,0x37,0x30,0x37,0x38,0x37,0x38,0x33,0x35,0x31,0x32,0x31,0x31,0x35,0x34,0x37,
    0x38,0x35,0x65,0x2d,0x30,0x37,0x29,0x0a,0x20,0x20,0x20,0x20,0x7b,0x0a,0x20,0x20,
    0x20,0x20,0x20,0x20,0x20,0x20,0x72,0x65,0x74,0x75,0x72,0x6e,0x20,0x66,0x6c,0x6f,
    0x61,0x74,0x28,0x63,0x6f,0x73,0x5f,0x61,0x6e,0x67,0x6c,0x65,0x20,0x3e,0x3d,0x20,
    0x63,0x6f,0x73,0x5f,0x6f,0x75,0x74,0x65,0x72,0x29,0x3b,0x0a,0x20,0x20,0x20,0x20,
    0x7d,0x0a,0x20,0x20,0x20,0x20,0x72,0x65,0x74,0x75,0x72,0x6e,0x20,0x73,0x6d,0x6f,
    0x6f,0x74,0x68,0x73,0x74,0x65,0x70,0x28,0x63,0x6f,0x73,0x5f,0x6f,0x75,0x74,0x65,
    0x72,0x2c,0x20,0x63,0x6f,0x73,0x5f,0x69,0x6e,0x6e,0x65,0x72,0x2c,0x20,0x63,0x6f,
    0x73,0x5f,0x61,0x6e,0x67,0x6c,0x65,0x29,0x3b,0x0a,0x7d,0x0a,0x0a,0x68,0x69,0x67,
    0x68,0x70,0x20,0x66,0x6c,0x6f,0x61,0x74,0x20,0x73,0x68,0x61,0x64,0x6f,0x77,0x5f,
    0x66,0x61,0x63,0x74,0x6f,0x72,0x28,0x69,0x6e,0x74,0x20,0x73,0x6c,0x6f,0x74,0x2c,
    0x20,0x68,0x69,0x67,0x68,0x70,0x20,0x76,0x65,0x63,0x33,0x20,0x77,0x6f,0x72,0x6c,
    0x64,0x5f,0x70,0x6f,0x73,0x2c,0x20,0x68,0x69,0x67,0x68,0x70,0x20,0x76,0x65,0x63,
    0x33,0x20,0x6e,0x2c,0x20,0x68,0x69,0x67,0x68,0x70,0x20,0x66,0x6c,0x6f,0x61,0x74,
    0x20,0x6e,0x5f,0x64,0x6f,0x74,0x5f,0x6c,0x29,0x0a,0x7b,0x0a,0x20,0x20,0x20,0x20,
    0x69,0x66,0x20,0x28,0x66,0x73,0x5f,0x70,0x61,0x72,0x61,0x6d,0x73,0x5b,0x33,0x5d,
    0x2e,0x7a,0x20,0x3c,0x20,0x30,0x2e,0x35,0x29,0x0a,0x20,0x20,0x20,0x20,0x7b,0x0a,
    0x20,0x20,0x20,0x20,0x20,0x20,0x20,0x20,0x72,0x65,0x74,0x75,0x72,0x6e,0x20,0x31,
    0x2e,0x30,0x3b,0x0a,0x20,0x20,0x20,0x20,0x7d,0x0a,0x20,0x20,0x20,0x20,0x68,0x69,
    0x67,0x68,0x70,0x20,0x66,0x6c,0x6f,0x61,0x74,0x20,0x5f,0x33,0x35,0x39,0x20,0x3d,
    0x20,0x31,0x2e,0x30,0x20,0x2d,0x20,0x63,0x6c,0x61,0x6d,0x70,0x28,0x6e,0x5f,0x64,
    0x6f,0x74,0x5f,0x6c,0x2c,0x20,0x30,0x2e,0x30,0x2c,0x20,0x31,0x2e,0x30,0x29,0x3b,
    0x0a,0x20,0x20,0x20,0x20,0x68,0x69,0x67,0x68,0x70,0x20,0x76,0x65,0x63,0x34,0x20,
    0x5f,0x33,0x38,0x32,0x20,0x3d,0x20,0x6d,0x61,0x74,0x34,0x28,0x66,0x73,0x5f,0x73,
    0x63,0x65,0x6e,0x65,0x5b,0x73,0x6c,0x6f,0x74,0x20,0x2a,0x20,0x34,0x20,0x2b,0x20,
    0x33,0x5d,0x2c,0x20,0x66,0x73,0x5f,0x73,0x63,0x65,0x6e,0x65,0x5b,0x73,0x6c,0x6f,
    0x74,0x20,0x2a,0x20,0x34,0x20,0x2b,0x20,0x34,0x5d,0x2c,0x20,0x66,0x73,0x5f,0x73,
    0x63,0x65,0x6e,0x65,0x5b,0x73,0x6c,0x6f,0x74,0x20,0x2a,0x20,0x34,0x20,0x2b,0x20,
    0x35,0x5d,0x2c,0x20,0x66,0x73,0x5f,0x73,0x63,0x65,0x6e,0x65,0x5b,0x73,0x6c,0x6f,
    0x74,0x20,0x2a,0x20,0x34,0x20,0x2b,0x20,0x36,0x5d,0x29,0x20,0x2a,0x20,0x76,0x65,
    0x63,0x34,0x28,0x77,0x6f,0x72,0x6c,0x64,0x5f,0x70,0x6f,0x73,0x20,0x2b,0x20,0x28,
    0x6e,0x20,0x2a,0x20,0x28,0x66,0x73,0x5f,0x73,0x63,0x65,0x6e,0x65,0x5b,0x73,0x6c,
    0x6f,0x74,0x20,0x2a,0x20,0x31,0x20,0x2b,0x20,0x31,0x39,0x5d,0x2e,0x79,0x20,0x2a,
    0x20,0x28,0x31,0x2e,0x30,0x20,0x2b,0x20,0x28,0x32,0x2e,0x30,0x20,0x2a,0x20,0x5f,
    0x33,0x35,0x39,0x29,0x29,0x29,0x29,0x2c,0x20,0x31,0x2e,0x30,0x29,0x3b,0x0a,0x20,
    0x20,0x20,0x20,0x68,0x69,0x67,0x68,0x70,0x20,0x66,0x6c,0x6f,0x61,0x74,0x20,0x5f,
    0x33,0x38,0x37,0x20,0x3d,0x20,0x5f,0x33,0x38,0x32,0x2e,0x77,0x3b,0x0a,0x20,0x20,
    0x20,0x20,0x68,0x69,0x67,0x68,0x70,0x20,0x76,0x65,0x63,0x33,0x20,0x5f,0x33,0x39,
    0x35,0x20,0x3d,0x20,0x28,0x5f,0x33,0x38,0x32,0x2e,0x78,0x79,0x7a,0x20,0x2f,0x20,
    0x76,0x65,0x63,0x33,0x28,0x6d,0x61,0x78,0x28,0x61,0x62,0x73,0x28,0x5f,0x33,0x38,
    0x37,0x29,0x2c,0x20,0x39,0x2e,0x39,0x39,0x39,0x39,0x39,0x39,0x39,0x37,0x34,0x37,
    0x35,0x32,0x34,0x32,0x37,0x30,0x37,0x38,0x37,0x38,0x33,0x35,0x31,0x32,0x31,0x31,
    0x35,0x34,0x37,0x38,0x35,0x65,0x2d,0x30,0x37,0x29,0x29,0x29,0x20,0x2a,0x20,0x73,
    0x69,0x67,0x6e,0x28,0x5f,0x33,0x38,0x37,0x29,0x3b,0x0a,0x20,0x20,0x20,0x20,0x68,
    0x69,0x67,0x68,0x70,0x20,0x76,0x65,0x63,0x32,0x20,0x5f,0x33,0x39,0x39,0x20,0x3d,
    0x20,0x5f,0x33,0x39,0x35,0x2e,0x78,0x79,0x3b,0x0a,0x20,0x20,0x20,0x20,0x68,0x69,
    0x67,0x68,0x70,0x20,0x76,0x65,0x63,0x32,0x20,0x75,0x76,0x20,0x3d,0x20,0x28,0x5f,
    0x33,0x39,0x39,0x20,0x2a,0x20,0x30,0x2e,0x35,0x29,0x20,0x2b,0x20,0x76,0x65,0x63,
    0x32,0x28,0x30,0x2e,0x35,0x29,0x3b,0x0a,0x20,0x20,0x20,0x20,0x69,0x66,0x20,0x28,
    0x66,0x73,0x5f,0x73,0x63,0x65,0x6e,0x65,0x5b,0x33,0x31,0x5d,0x2e,0x78,0x20,0x3e,
    0x20,0x30,0x2e,0x35,0x29,0x0a,0x20,0x20,0x20,0x20,0x7b,0x0a,0x20,0x20,0x20,0x20,
    0x20,0x20,0x20,0x20,0x68,0x69,0x67,0x68,0x70,0x20,0x76,0x65,0x63,0x32,0x20,0x5f,
    0x31,0x31,0x32,0x33,0x20,0x3d,0x20,0x75,0x76,0x3b,0x0a,0x20,0x20,0x20,0x20,0x20,
    0x20,0x20,0x20,0x5f,0x31,0x31,0x32,0x33,0x2e,0x79,0x20,0x3d,0x20,0x31,0x2e,0x30,
    0x20,0x2d,0x20,0x5f,0x31,0x31,0x32,0x33,0x2e,0x79,0x3b,0x0a,0x20,0x20,0x20,0x20,
    0x20,0x20,0x20,0x20,0x75,0x76,0x20,0x3d,0x20,0x5f,0x31,0x31,0x32,0x33,0x3b,0x0a,
    0x20,0x20,0x20,0x20,0x7d,0x0a,0x20,0x20,0x20,0x20,0x68,0x69,0x67,0x68,0x70,0x20,
    0x66,0x6c,0x6f,0x61,0x74,0x20,0x5f,0x34,0x32,0x32,0x20,0x3d,0x20,0x66,0x73,0x5f,
    0x73,0x63,0x65,0x6e,0x65,0x5b,0x73,0x6c,0x6f,0x74,0x20,0x2a,0x20,0x31,0x20,0x2b,
    0x20,0x31,0x39,0x5d,0x2e,0x7a,0x20,0x2b,0x20,0x28,0x66,0x73,0x5f,0x73,0x63,0x65,
    0x6e,0x65,0x5b,0x73,0x6c,0x6f,0x74,0x20,0x2a,0x20,0x31,0x20,0x2b,0x20,0x31,0x39,
    0x5d,0x2e,0x77,0x20,0x2a,0x20,0x5f,0x33,0x35,0x39,0x29,0x3b,0x0a,0x20,0x20,0x20,
    0x20,0x68,0x69,0x67,0x68,0x70,0x20,0x66,0x6c,0x6f,0x61,0x74,0x20,0x5f,0x34,0x33,
    0x30,0x20,0x3d,0x20,0x5f,0x33,0x39,0x35,0x2e,0x7a,0x3b,0x0a,0x20,0x20,0x20,0x20,
    0x68,0x69,0x67,0x68,0x70,0x20,0x66,0x6c,0x6f,0x61,0x74,0x20,0x5f,0x34,0x34,0x33,
    0x20,0x3d,0x20,0x6d,0x61,0x78,0x28,0x66,0x73,0x5f,0x73,0x63,0x65,0x6e,0x65,0x5b,
    0x73,0x6c,0x6f,0x74,0x20,0x2a,0x20,0x31,0x20,0x2b,0x20,0x32,0x37,0x5d,0x2e,0x79,
    0x2c,0x20,0x39,0x2e,0x39,0x39,0x39,0x39,0x39,0x39,0x37,0x34,0x37,0x33,0x37,0x38,
    0x37,0x35,0x31,0x36,0x33,0x35,0x35,0x35,0x31,0x34,0x35,0x32,0x36,0x33,0x36,0x37,
    0x31,0x38,0x38,0x65,0x2d,0x30,0x35,0x29,0x3b,0x0a,0x20,0x20,0x20,0x20,0x68,0x69,
    0x67,0x68,0x70,0x20,0x66,0x6c,0x6f,0x61,0x74,0x20,0x5f,0x34,0x35,0x30,0x20,0x3d,
    0x20,0x6d,0x61,0x78,0x28,0x66,0x73,0x5f,0x73,0x63,0x65,0x6e,0x65,0x5b,0x73,0x6c,
    0x6f,0x74,0x20,0x2a,0x20,0x31,0x20,0x2b,0x20,0x32,0x37,0x5d,0x2e,0x7a,0x2c,0x20,
    0x5f,0x34,0x34,0x33,0x20,0x2b,0x20,0x30,0x2e,0x30,0x30,0x31,0x30,0x30,0x30,0x30,
    0x30,0x30,0x30,0x34,0x37,0x34,0x39,0x37,0x34,0x35,0x31,0x33,0x30,0x35,0x33,0x38,
    0x39,0x34,0x30,0x34,0x32,0x39,0x36,0x38,0x37,0x35,0x29,0x3b,0x0a,0x20,0x20,0x20,
    0x20,0x68,0x69,0x67,0x68,0x70,0x20,0x66,0x6c,0x6f,0x61,0x74,0x20,0x5f,0x34,0x35,
    0x35,0x20,0x3d,0x20,0x28,0x32,0x2e,0x30,0x20,0x2a,0x20,0x5f,0x34,0x34,0x33,0x29,
    0x20,0x2a,0x20,0x5f,0x34,0x35,0x30,0x3b,0x0a,0x20,0x20,0x20,0x20,0x68,0x69,0x67,
    0x68,0x70,0x20,0x66,0x6c,0x6f,0x61,0x74,0x20,0x5f,0x34,0x35,0x38,0x20,0x3d,0x20,
    0x5f,0x34,0x35,0x30,0x20,0x2b,0x20,0x5f,0x34,0x34,0x33,0x3b,0x0a,0x20,0x20,0x20,
    0x20,0x68,0x69,0x67,0x68,0x70,0x20,0x66,0x6c,0x6f,0x61,0x74,0x20,0x5f,0x34,0x36,
    0x33,0x20,0x3d,0x20,0x5f,0x34,0x35,0x30,0x20,0x2d,0x20,0x5f,0x34,0x34,0x33,0x3b,
    0x0a,0x20,0x20,0x20,0x20,0x68,0x69,0x67,0x68,0x70,0x20,0x66,0x6c,0x6f,0x61,0x74,
    0x20,0x5f,0x34,0x36,0x37,0x20,0x3d,0x20,0x5f,0x34,0x35,0x35,0x20,0x2f,0x20,0x6d,
    0x61,0x78,0x28,0x5f,0x34,0x35,0x38,0x20,0x2d,0x20,0x28,0x5f,0x34,0x33,0x30,0x20,
    0x2a,0x20,0x5f,0x34,0x36,0x33,0x29,0x2c,0x20,0x39,0x2e,0x39,0x39,0x39,0x39,0x39,
    0x39,0x39,0x37,0x34,0x37,0x35,0x32,0x34,0x32,0x37,0x30,0x37,0x38,0x37,0x38,0x33,
    0x35,0x31,0x32,0x31,0x31,0x35,0x34,0x37,0x38,0x35,0x65,0x2d,0x30,0x37,0x29,0x3b,
    0x0a,0x20,0x20,0x20,0x20,0x68,0x69,0x67,0x68,0x70,0x20,0x66,0x6c,0x6f,0x61,0x74,
    0x20,0x5f,0x35,0x30,0x35,0x20,0x3d,0x20,0x6d,0x69,0x78,0x28,0x28,0x28,0x5f,0x34,
    0x33,0x30,0x20,0x2a,0x20,0x30,0x2e,0x35,0x29,0x20,0x2b,0x20,0x30,0x2e,0x35,0x29,
    0x20,0x2d,0x20,0x28,0x5f,0x34,0x32,0x32,0x20,0x2a,0x20,0x66,0x73,0x5f,0x73,0x63,
    0x65,0x6e,0x65,0x5b,0x73,0x6c,0x6f,0x74,0x20,0x2a,0x20,0x31,0x20,0x2b,0x20,0x32,
    0x33,0x5d,0x2e,0x77,0x29,0x2c,0x20,0x28,0x28,0x28,0x5f,0x34,0x35,0x38,0x20,0x2d,
    0x20,0x28,0x5f,0x34,0x35,0x35,0x20,0x2f,0x20,0x6d,0x61,0x78,0x28,0x5f,0x34,0x36,
    0x37,0x20,0x2d,0x20,0x28,0x28,0x5f,0x34,0x32,0x32,0x20,0x2a,0x20,0x66,0x73,0x5f,
    0x73,0x63,0x65,0x6e,0x65,0x5b,0x73,0x6c,0x6f,0x74,0x20,0x2a,0x20,0x31,0x20,0x2b,
    0x20,0x31,0x39,0x5d,0x2e,0x79,0x29,0x20,0x2a,0x20,0x28,0x5f,0x34,0x36,0x37,0x20,
    0x2f,0x20,0x5f,0x34,0x35,0x30,0x29,0x29,0x2c,0x20,0x5f,0x34,0x34,0x33,0x29,0x29,
    0x29,0x20,0x2f,0x20,0x5f,0x34,0x36,0x33,0x29,0x20,0x2a,0x20,0x30,0x2e,0x35,0x29,
    0x20,0x2b,0x20,0x30,0x2e,0x35,0x2c,0x20,0x73,0x74,0x65,0x70,0x28,0x30,0x2e,0x35,
    0x2c,0x20,0x66,0x73,0x5f,0x73,0x63,0x65,0x6e,0x65,0x5b,0x73,0x6c,0x6f,0x74,0x20,
    0x2a,0x20,0x31,0x20,0x2b,0x20,0x32,0x37,0x5d,0x2e,0x77,0x29,0x29,0x3b,0x0a,0x20,
    0x20,0x20,0x20,0x68,0x69,0x67,0x68,0x70,0x20,0x76,0x65,0x63,0x32,0x20,0x5f,0x35,
    0x31,0x31,0x20,0x3d,0x20,0x76,0x65,0x63,0x32,0x28,0x31,0x2e,0x30,0x29,0x20,0x2d,
    0x20,0x61,0x62,0x73,0x28,0x5f,0x33,0x39,0x39,0x29,0x3b,0x0a,0x20,0x20,0x20,0x20,
    0x68,0x69,0x67,0x68,0x70,0x20,0x66,0x6c,0x6f,0x61,0x74,0x20,0x5f,0x35,0x31,0x37,
    0x20,0x3d,0x20,0x6d,0x69,0x6e,0x28,0x5f,0x35,0x31,0x31,0x2e,0x78,0x2c,0x20,0x5f,
    0x35,0x31,0x31,0x2e,0x79,0x29,0x3b,0x0a,0x20,0x20,0x20,0x20,0x68,0x69,0x67,0x68,
    0x70,0x20,0x76,0x65,0x63,0x32,0x20,0x5f,0x35,0x34,0x38,0x20,0x3d,0x20,0x63,0x6c,
    0x61,0x6d,0x70,0x28,0x75,0x76,0x2c,0x20,0x76,0x65,0x63,0x32,0x28,0x66,0x73,0x5f,
    0x73,0x63,0x65,0x6e,0x65,0x5b,0x73,0x6c,0x6f,0x74,0x20,0x2a,0x20,0x31,0x20,0x2b,
    0x20,0x31,0x39,0x5d,0x2e,0x78,0x29,0x2c,0x20,0x76,0x65,0x63,0x32,0x28,0x31,0x2e,
    0x30,0x20,0x2d,0x20,0x66,0x73,0x5f,0x73,0x63,0x65,0x6e,0x65,0x5b,0x73,0x6c,0x6f,
    0x74,0x20,0x2a,0x20,0x31,0x20,0x2b,0x20,0x31,0x39,0x5d,0x2e,0x78,0x29,0x29,0x3b,
    0x0a,0x20,0x20,0x20,0x20,0x68,0x69,0x67,0x68,0x70,0x20,0x66,0x6c,0x6f,0x61,0x74,
    0x20,0x6c,0x69,0x74,0x20,0x3d,0x20,0x30,0x2e,0x30,0x3b,0x0a,0x20,0x20,0x20,0x20,
    0x66,0x6f,0x72,0x20,0x28,0x69,0x6e,0x74,0x20,0x79,0x20,0x3d,0x20,0x2d,0x31,0x3b,
    0x20,0x79,0x20,0x3c,0x3d,0x20,0x31,0x3b,0x20,0x79,0x2b,0x2b,0x29,0x0a,0x20,0x20,
    0x20,0x20,0x7b,0x0a,0x20,0x20,0x20,0x20,0x20,0x20,0x20,0x20,0x66,0x6f,0x72,0x20,
    0x28,0x69,0x6e,0x74,0x20,0x78,0x20,0x3d,0x20,0x2d,0x31,0x3b,0x20,0x78,0x20,0x3c,
    0x3d,0x20,0x31,0x3b,0x20,0x78,0x2b,0x2b,0x29,0x0a,0x20,0x20,0x20,0x20,0x20,0x20,
    0x20,0x20,0x7b,0x0a,0x20,0x20,0x20,0x20,0x20,0x20,0x20,0x20,0x20,0x20,0x20,0x20,
    0x68,0x69,0x67,0x68,0x70,0x20,0x66,0x6c,0x6f,0x61,0x74,0x20,0x5f,0x35,0x39,0x30,
    0x20,0x3d,0x20,0x63,0x6c,0x61,0x6d,0x70,0x28,0x5f,0x35,0x30,0x35,0x2c,0x20,0x30,
    0x2e,0x30,0x2c,0x20,0x31,0x2e,0x30,0x29,0x3b,0x0a,0x20,0x20,0x20,0x20,0x20,0x20,
    0x20,0x20,0x20,0x20,0x20,0x20,0x6c,0x69,0x74,0x20,0x2b,0x3d,0x20,0x74,0x65,0x78,
    0x74,0x75,0x72,0x65,0x28,0x73,0x68,0x61,0x64,0x6f,0x77,0x5f,0x74,0x65,0x78,0x5f,
    0x73,0x68,0x61,0x64,0x6f,0x77,0x5f,0x73,0x6d,0x70,0x2c,0x20,0x76,0x65,0x63,0x34,
    0x28,0x76,0x65,0x63,0x34,0x28,0x5f,0x35,0x34,0x38,0x20,0x2b,0x20,0x28,0x76,0x65,
    0x63,0x32,0x28,0x66,0x6c,0x6f,0x61,0x74,0x28,0x78,0x29,0x2c,0x20,0x66,0x6c,0x6f,
    0x61,0x74,0x28,0x79,0x29,0x29,0x20,0x2a,0x20,0x66,0x73,0x5f,0x73,0x63,0x65,0x6e,
    0x65,0x5b,0x73,0x6c,0x6f,0x74,0x20,0x2a,0x20,0x31,0x20,0x2b,0x20,0x31,0x39,0x5d,
    0x2e,0x78,0x29,0x2c,0x20,0x66,0x6c,0x6f,0x61,0x74,0x28,0x73,0x6c,0x6f,0x74,0x29,
    0x2c,0x20,0x5f,0x35,0x39,0x30,0x29,0x2e,0x78,0x79,0x7a,0x2c,0x20,0x5f,0x35,0x39,
    0x30,0x29,0x29,0x3b,0x0a,0x20,0x20,0x20,0x20,0x20,0x20,0x20,0x20,0x7d,0x0a,0x20,
    0x20,0x20,0x20,0x7d,0x0a,0x20,0x20,0x20,0x20,0x72,0x65,0x74,0x75,0x72,0x6e,0x20,
    0x6d,0x69,0x78,0x28,0x31,0x2e,0x30,0x2c,0x20,0x6c,0x69,0x74,0x20,0x2a,0x20,0x30,
    0x2e,0x31,0x31,0x31,0x31,0x31,0x31,0x31,0x31,0x31,0x39,0x33,0x38,0x39,0x35,0x33,
    0x33,0x39,0x39,0x36,0x35,0x38,0x32,0x30,0x33,0x31,0x32,0x35,0x2c,0x20,0x28,0x63,
    0x6c,0x61,0x6d,0x70,0x28,0x5f,0x35,0x31,0x37,0x20,0x2a,0x20,0x31,0x30,0x2e,0x30,
    0x2c,0x20,0x30,0x2e,0x30,0x2c,0x20,0x31,0x2e,0x30,0x29,0x20,0x2a,0x20,0x28,0x28,
    0x73,0x74,0x65,0x70,0x28,0x30,0x2e,0x30,0x2c,0x20,0x5f,0x35,0x31,0x37,0x29,0x20,
    0x2a,0x20,0x73,0x74,0x65,0x70,0x28,0x5f,0x35,0x30,0x35,0x2c,0x20,0x31,0x2e,0x30,
    0x29,0x29,0x20,0x2a,0x20,0x73,0x74,0x65,0x70,0x28,0x30,0x2e,0x30,0x2c,0x20,0x5f,
    0x33,0x38,0x37,0x29,0x29,0x29,0x20,0x2a,0x20,0x66,0x73,0x5f,0x73,0x63,0x65,0x6e,
    0x65,0x5b,0x73,0x6c,0x6f,0x74,0x20,0x2a,0x20,0x31,0x20,0x2b,0x20,0x32,0x37,0x5d,
    0x2e,0x78,0x29,0x3b,0x0a,0x7d,0x0a,0x0a,0x76,0x6f,0x69,0x64,0x20,0x6d,0x61,0x69,
    0x6e,0x28,0x29,0x0a,0x7b,0x0a,0x20,0x20,0x20,0x20,0x69,0x6e,0x74,0x20,0x70,0x61,
    0x72,0x61,0x6d,0x20,0x3d,0x20,0x30,0x3b,0x0a,0x20,0x20,0x20,0x20,0x68,0x69,0x67,
    0x68,0x70,0x20,0x76,0x65,0x63,0x34,0x20,0x5f,0x36,0x32,0x35,0x20,0x3d,0x20,0x74,
    0x65,0x78,0x74,0x75,0x72,0x65,0x28,0x62,0x61,0x73,0x65,0x5f,0x63,0x6f,0x6c,0x6f,
    0x72,0x5f,0x74,0x65,0x78,0x5f,0x62,0x61,0x73,0x65,0x5f,0x63,0x6f,0x6c,0x6f,0x72,
    0x5f,0x73,0x6d,0x70,0x2c,0x20,0x74,0x65,0x78,0x5f,0x75,0x76,0x28,0x70,0x61,0x72,
    0x61,0x6d,0x29,0x29,0x3b,0x0a,0x20,0x20,0x20,0x20,0x68,0x69,0x67,0x68,0x70,0x20,
    0x76,0x65,0x63,0x33,0x20,0x70,0x61,0x72,0x61,0x6d,0x5f,0x31,0x20,0x3d,0x20,0x5f,
    0x36,0x32,0x35,0x2e,0x78,0x79,0x7a,0x3b,0x0a,0x20,0x20,0x20,0x20,0x68,0x69,0x67,
    0x68,0x70,0x20,0x76,0x65,0x63,0x34,0x20,0x5f,0x36,0x34,0x33,0x20,0x3d,0x20,0x28,
    0x76,0x65,0x63,0x34,0x28,0x73,0x72,0x67,0x62,0x5f,0x74,0x6f,0x5f,0x6c,0x69,0x6e,
    0x65,0x61,0x72,0x28,0x70,0x61,0x72,0x61,0x6d,0x5f,0x31,0x29,0x2c,0x20,0x5f,0x36,
    0x32,0x35,0x2e,0x77,0x29,0x20,0x2a,0x20,0x66,0x73,0x5f,0x70,0x61,0x72,0x61,0x6d,
    0x73,0x5b,0x30,0x5d,0x29,0x20,0x2a,0x20,0x76,0x5f,0x63,0x6f,0x6c,0x6f,0x72,0x3b,
    0x0a,0x20,0x20,0x20,0x20,0x68,0x69,0x67,0x68,0x70,0x20,0x66,0x6c,0x6f,0x61,0x74,
    0x20,0x5f,0x36,0x34,0x35,0x20,0x3d,0x20,0x5f,0x36,0x34,0x33,0x2e,0x77,0x3b,0x0a,
    0x20,0x20,0x20,0x20,0x69,0x66,0x20,0x28,0x5f,0x36,0x34,0x35,0x20,0x3c,0x20,0x66,
    0x73,0x5f,0x70,0x61,0x72,0x61,0x6d,0x73,0x5b,0x33,0x5d,0x2e,0x78,0x29,0x0a,0x20,
    0x20,0x20,0x20,0x7b,0x0a,0x20,0x20,0x20,0x20,0x20,0x20,0x20,0x20,0x64,0x69,0x73,
    0x63,0x61,0x72,0x64,0x3b,0x0a,0x20,0x20,0x20,0x20,0x7d,0x0a,0x20,0x20,0x20,0x20,
    0x69,0x66,0x20,0x28,0x66,0x73,0x5f,0x70,0x61,0x72,0x61,0x6d,0x73,0x5b,0x32,0x5d,
    0x2e,0x77,0x20,0x3c,0x20,0x30,0x2e,0x35,0x29,0x0a,0x20,0x20,0x20,0x20,0x7b,0x0a,
    0x20,0x20,0x20,0x20,0x20,0x20,0x20,0x20,0x68,0x69,0x67,0x68,0x70,0x20,0x76,0x65,
    0x63,0x33,0x20,0x70,0x61,0x72,0x61,0x6d,0x5f,0x32,0x20,0x3d,0x20,0x5f,0x36,0x34,
    0x33,0x2e,0x78,0x79,0x7a,0x3b,0x0a,0x20,0x20,0x20,0x20,0x20,0x20,0x20,0x20,0x68,
    0x69,0x67,0x68,0x70,0x20,0x76,0x65,0x63,0x33,0x20,0x5f,0x36,0x36,0x32,0x20,0x3d,
    0x20,0x74,0x6f,0x5f,0x64,0x69,0x73,0x70,0x6c,0x61,0x79,0x28,0x70,0x61,0x72,0x61,
    0x6d,0x5f,0x32,0x29,0x3b,0x0a,0x20,0x20,0x20,0x20,0x20,0x20,0x20,0x20,0x66,0x72,
    0x61,0x67,0x5f,0x63,0x6f,0x6c,0x6f,0x72,0x20,0x3d,0x20,0x76,0x65,0x63,0x34,0x28,
    0x5f,0x36,0x36,0x32,0x2c,0x20,0x5f,0x36,0x34,0x35,0x29,0x3b,0x0a,0x20,0x20,0x20,
    0x20,0x20,0x20,0x20,0x20,0x72,0x65,0x74,0x75,0x72,0x6e,0x3b,0x0a,0x20,0x20,0x20,
    0x20,0x7d,0x0a,0x20,0x20,0x20,0x20,0x68,0x69,0x67,0x68,0x70,0x20,0x76,0x65,0x63,
    0x33,0x20,0x5f,0x36,0x37,0x34,0x20,0x3d,0x20,0x6e,0x6f,0x72,0x6d,0x61,0x6c,0x69,
    0x7a,0x65,0x28,0x76,0x5f,0x6e,0x6f,0x72,0x6d,0x61,0x6c,0x29,0x3b,0x0a,0x20,0x20,
    0x20,0x20,0x68,0x69,0x67,0x68,0x70,0x20,0x76,0x65,0x63,0x33,0x20,0x6e,0x20,0x3d,
    0x20,0x5f,0x36,0x37,0x34,0x3b,0x0a,0x20,0x20,0x20,0x20,0x68,0x69,0x67,0x68,0x70,
    0x20,0x76,0x65,0x63,0x33,0x20,0x5f,0x36,0x38,0x35,0x20,0x3d,0x20,0x76,0x5f,0x74,
    0x61,0x6e,0x67,0x65,0x6e,0x74,0x2e,0x78,0x79,0x7a,0x20,0x2d,0x20,0x28,0x5f,0x36,
    0x37,0x34,0x20,0x2a,0x20,0x64,0x6f,0x74,0x28,0x5f,0x36,0x37,0x34,0x2c,0x20,0x76,
    0x5f,0x74,0x61,0x6e,0x67,0x65,0x6e,0x74,0x2e,0x78,0x79,0x7a,0x29,0x29,0x3b,0x0a,
    0x20,0x20,0x20,0x20,0x68,0x69,0x67,0x68,0x70,0x20,0x76,0x65,0x63,0x33,0x20,0x74,
    0x20,0x3d,0x20,0x5f,0x36,0x38,0x35,0x3b,0x0a,0x20,0x20,0x20,0x20,0x69,0x66,0x20,
    0x28,0x64,0x6f,0x74,0x28,0x5f,0x36,0x38,0x35,0x2c,0x20,0x5f,0x36,0x38,0x35,0x29,
    0x20,0x3e,0x20,0x39,0x2e,0x39,0x39,0x39,0x39,0x39,0x39,0x39,0x33,0x39,0x32,0x32,
    0x35,0x32,0x39,0x30,0x32,0x39,0x30,0x37,0x37,0x38,0x35,0x30,0x32,0x38,0x32,0x31,
    0x39,0x32,0x32,0x33,0x65,0x2d,0x30,0x39,0x29,0x0a,0x20,0x20,0x20,0x20,0x7b,0x0a,
    0x20,0x20,0x20,0x20,0x20,0x20,0x20,0x20,0x68,0x69,0x67,0x68,0x70,0x20,0x76,0x65,
    0x63,0x33,0x20,0x5f,0x36,0x39,0x39,0x20,0x3d,0x20,0x74,0x3b,0x0a,0x20,0x20,0x20,
    0x20,0x20,0x20,0x20,0x20,0x68,0x69,0x67,0x68,0x70,0x20,0x76,0x65,0x63,0x33,0x20,
    0x5f,0x37,0x30,0x30,0x20,0x3d,0x20,0x6e,0x6f,0x72,0x6d,0x61,0x6c,0x69,0x7a,0x65,
    0x28,0x5f,0x36,0x39,0x39,0x29,0x3b,0x0a,0x20,0x20,0x20,0x20,0x20,0x20,0x20,0x20,
    0x74,0x20,0x3d,0x20,0x5f,0x37,0x30,0x30,0x3b,0x0a,0x20,0x20,0x20,0x20,0x20,0x20,
    0x20,0x20,0x69,0x6e,0x74,0x20,0x70,0x61,0x72,0x61,0x6d,0x5f,0x33,0x20,0x3d,0x20,
    0x32,0x3b,0x0a,0x20,0x20,0x20,0x20,0x20,0x20,0x20,0x20,0x68,0x69,0x67,0x68,0x70,
    0x20,0x76,0x65,0x63,0x33,0x20,0x5f,0x37,0x32,0x31,0x20,0x3d,0x20,0x28,0x74,0x65,
    0x78,0x74,0x75,0x72,0x65,0x28,0x6e,0x6f,0x72,0x6d,0x61,0x6c,0x5f,0x74,0x65,0x78,
    0x5f,0x6e,0x6f,0x72,0x6d,0x61,0x6c,0x5f,0x73,0x6d,0x70,0x2c,0x20,0x74,0x65,0x78,
    0x5f,0x75,0x76,0x28,0x70,0x61,0x72,0x61,0x6d,0x5f,0x33,0x29,0x29,0x2e,0x78,0x79,
    0x7a,0x20,0x2a,0x20,0x32,0x2e,0x30,0x29,0x20,0x2d,0x20,0x76,0x65,0x63,0x33,0x28,
    0x31,0x2e,0x30,0x29,0x3b,0x0a,0x20,0x20,0x20,0x20,0x20,0x20,0x20,0x20,0x68,0x69,
    0x67,0x68,0x70,0x20,0x76,0x65,0x63,0x32,0x20,0x5f,0x37,0x32,0x36,0x20,0x3d,0x20,
    0x5f,0x37,0x32,0x31,0x2e,0x78,0x79,0x20,0x2a,0x20,0x66,0x73,0x5f,0x70,0x61,0x72,
    0x61,0x6d,0x73,0x5b,0x31,0x5d,0x2e,0x77,0x3b,0x0a,0x20,0x20,0x20,0x20,0x20,0x20,
    0x20,0x20,0x68,0x69,0x67,0x68,0x70,0x20,0x76,0x65,0x63,0x33,0x20,0x5f,0x31,0x31,
    0x31,0x35,0x20,0x3d,0x20,0x5f,0x37,0x32,0x31,0x3b,0x0a,0x20,0x20,0x20,0x20,0x20,
    0x20,0x20,0x20,0x5f,0x31,0x31,0x31,0x35,0x2e,0x78,0x20,0x3d,0x20,0x5f,0x37,0x32,
    0x36,0x2e,0x78,0x3b,0x0a,0x20,0x20,0x20,0x20,0x20,0x20,0x20,0x20,0x5f,0x31,0x31,
    0x31,0x35,0x2e,0x79,0x20,0x3d,0x20,0x5f,0x37,0x32,0x36,0x2e,0x79,0x3b,0x0a,0x20,
    0x20,0x20,0x20,0x20,0x20,0x20,0x20,0x6e,0x20,0x3d,0x20,0x6e,0x6f,0x72,0x6d,0x61,
    0x6c,0x69,0x7a,0x65,0x28,0x6d,0x61,0x74,0x33,0x28,0x74,0x2c,0x20,0x63,0x72,0x6f,
    0x73,0x73,0x28,0x6e,0x2c,0x20,0x5f,0x37,0x30,0x30,0x29,0x20,0x2a,0x20,0x76,0x5f,
    0x74,0x61,0x6e,0x67,0x65,0x6e,0x74,0x2e,0x77,0x2c,0x20,0x6e,0x29,0x20,0x2a,0x20,
    0x5f,0x31,0x31,0x31,0x35,0x29,0x3b,0x0a,0x20,0x20,0x20,0x20,0x7d,0x0a,0x20,0x20,
    0x20,0x20,0x6e,0x20,0x2a,0x3d,0x20,0x28,0x67,0x6c,0x5f,0x46,0x72,0x6f,0x6e,0x74,
    0x46,0x61,0x63,0x69,0x6e,0x67,0x20,0x3f,0x20,0x31,0x2e,0x30,0x20,0x3a,0x20,0x28,
    0x2d,0x31,0x2e,0x30,0x29,0x29,0x3b,0x0a,0x20,0x20,0x20,0x20,0x69,0x6e,0x74,0x20,
    0x70,0x61,0x72,0x61,0x6d,0x5f,0x34,0x20,0x3d,0x20,0x31,0x3b,0x0a,0x20,0x20,0x20,
    0x20,0x68,0x69,0x67,0x68,0x70,0x20,0x76,0x65,0x63,0x34,0x20,0x5f,0x37,0x36,0x32,
    0x20,0x3d,0x20,0x74,0x65,0x78,0x74,0x75,0x72,0x65,0x28,0x6d,0x65,0x74,0x61,0x6c,
    0x6c,0x69,0x63,0x5f,0x72,0x6f,0x75,0x67,0x68,0x6e,0x65,0x73,0x73,0x5f,0x74,0x65,
    0x78,0x5f,0x6d,0x65,0x74,0x61,0x6c,0x6c,0x69,0x63,0x5f,0x72,0x6f,0x75,0x67,0x68,
    0x6e,0x65,0x73,0x73,0x5f,0x73,0x6d,0x70,0x2c,0x20,0x74,0x65,0x78,0x5f,0x75,0x76,
    0x28,0x70,0x61,0x72,0x61,0x6d,0x5f,0x34,0x29,0x29,0x3b,0x0a,0x20,0x20,0x20,0x20,
    0x68,0x69,0x67,0x68,0x70,0x20,0x66,0x6c,0x6f,0x61,0x74,0x20,0x5f,0x37,0x37,0x30,
    0x20,0x3d,0x20,0x63,0x6c,0x61,0x6d,0x70,0x28,0x66,0x73,0x5f,0x70,0x61,0x72,0x61,
    0x6d,0x73,0x5b,0x32,0x5d,0x2e,0x78,0x20,0x2a,0x20,0x5f,0x37,0x36,0x32,0x2e,0x7a,
    0x2c,0x20,0x30,0x2e,0x30,0x2c,0x20,0x31,0x2e,0x30,0x29,0x3b,0x0a,0x20,0x20,0x20,
    0x20,0x68,0x69,0x67,0x68,0x70,0x20,0x66,0x6c,0x6f,0x61,0x74,0x20,0x5f,0x37,0x37,
    0x37,0x20,0x3d,0x20,0x63,0x6c,0x61,0x6d,0x70,0x28,0x66,0x73,0x5f,0x70,0x61,0x72,
    0x61,0x6d,0x73,0x5b,0x32,0x5d,0x2e,0x79,0x20,0x2a,0x20,0x5f,0x37,0x36,0x32,0x2e,
    0x79,0x2c,0x20,0x30,0x2e,0x30,0x32,0x39,0x39,0x39,0x39,0x39,0x39,0x39,0x33,0x32,
    0x39,0x34,0x34,0x37,0x37,0x34,0x36,0x32,0x37,0x36,0x38,0x35,0x35,0x34,0x36,0x38,
    0x37,0x35,0x2c,0x20,0x31,0x2e,0x30,0x29,0x3b,0x0a,0x20,0x20,0x20,0x20,0x68,0x69,
    0x67,0x68,0x70,0x20,0x66,0x6c,0x6f,0x61,0x74,0x20,0x5f,0x37,0x38,0x31,0x20,0x3d,
    0x20,0x5f,0x37,0x37,0x37,0x20,0x2a,0x20,0x5f,0x37,0x37,0x37,0x3b,0x0a,0x20,0x20,
    0x20,0x20,0x68,0x69,0x67,0x68,0x70,0x20,0x66,0x6c,0x6f,0x61,0x74,0x20,0x5f,0x37,
    0x38,0x35,0x20,0x3d,0x20,0x5f,0x37,0x38,0x31,0x20,0x2a,0x20,0x5f,0x37,0x38,0x31,
    0x3b,0x0a,0x20,0x20,0x20,0x20,0x68,0x69,0x67,0x68,0x70,0x20,0x76,0x65,0x63,0x33,
    0x20,0x5f,0x37,0x38,0x39,0x20,0x3d,0x20,0x5f,0x36,0x34,0x33,0x2e,0x78,0x79,0x7a,
    0x3b,0x0a,0x20,0x20,0x20,0x20,0x68,0x69,0x67,0x68,0x70,0x20,0x76,0x65,0x63,0x33,
    0x20,0x5f,0x37,0x39,0x32,0x20,0x3d,0x20,0x6d,0x69,0x78,0x28,0x76,0x65,0x63,0x33,
    0x28,0x30,0x2e,0x30,0x33,0x39,0x39,0x39,0x39,0x39,0x39,0x39,0x31,0x30,0x35,0x39,
    0x33,0x30,0x33,0x32,0x38,0x33,0x36,0x39,0x31,0x34,0x30,0x36,0x32,0x35,0x29,0x2c,
    0x20,0x5f,0x37,0x38,0x39,0x2c,0x20,0x76,0x65,0x63,0x33,0x28,0x5f,0x37,0x37,0x30,
    0x29,0x29,0x3b,0x0a,0x20,0x20,0x20,0x20,0x68,0x69,0x67,0x68,0x70,0x20,0x76,0x65,
    0x63,0x33,0x20,0x5f,0x37,0x39,0x38,0x20,0x3d,0x20,0x5f,0x37,0x38,0x39,0x20,0x2a,
    0x20,0x28,0x31,0x2e,0x30,0x20,0x2d,0x20,0x5f,0x37,0x37,0x30,0x29,0x3b,0x0a,0x20,
    0x20,0x20,0x20,0x68,0x69,0x67,0x68,0x70,0x20,0x76,0x65,0x63,0x33,0x20,0x5f,0x38,
    0x30,0x36,0x20,0x3d,0x20,0x6e,0x6f,0x72,0x6d,0x61,0x6c,0x69,0x7a,0x65,0x28,0x66,
    0x73,0x5f,0x73,0x63,0x65,0x6e,0x65,0x5b,0x30,0x5d,0x2e,0x78,0x79,0x7a,0x20,0x2d,
    0x20,0x76,0x5f,0x77,0x6f,0x72,0x6c,0x64,0x5f,0x70,0x6f,0x73,0x29,0x3b,0x0a,0x20,
    0x20,0x20,0x20,0x68,0x69,0x67,0x68,0x70,0x20,0x66,0x6c,0x6f,0x61,0x74,0x20,0x5f,
    0x38,0x31,0x32,0x20,0x3d,0x20,0x63,0x6c,0x61,0x6d,0x70,0x28,0x61,0x62,0x73,0x28,
    0x64,0x6f,0x74,0x28,0x6e,0x2c,0x20,0x5f,0x38,0x30,0x36,0x29,0x29,0x2c,0x20,0x39,
    0x2e,0x39,0x39,0x39,0x39,0x39,0x39,0x37,0x34,0x37,0x33,0x37,0x38,0x37,0x35,0x31,
    0x36,0x33,0x35,0x35,0x35,0x31,0x34,0x35,0x32,0x36,0x33,0x36,0x37,0x31,0x38,0x38,
    0x65,0x2d,0x30,0x35,0x2c,0x20,0x31,0x2e,0x30,0x29,0x3b,0x0a,0x20,0x20,0x20,0x20,
    0x69,0x6e,0x74,0x20,0x70,0x61,0x72,0x61,0x6d,0x5f,0x35,0x20,0x3d,0x20,0x33,0x3b,
    0x0a,0x20,0x20,0x20,0x20,0x68,0x69,0x67,0x68,0x70,0x20,0x76,0x65,0x63,0x33,0x20,
    0x63,0x6f,0x6c,0x6f,0x72,0x20,0x3d,0x20,0x28,0x66,0x73,0x5f,0x73,0x63,0x65,0x6e,
    0x65,0x5b,0x31,0x5d,0x2e,0x78,0x79,0x7a,0x20,0x2a,0x20,0x28,0x5f,0x37,0x39,0x38,
    0x20,0x2b,0x20,0x5f,0x37,0x39,0x32,0x29,0x29,0x20,0x2a,0x20,0x28,0x31,0x2e,0x30,
    0x20,0x2b,0x20,0x28,0x66,0x73,0x5f,0x70,0x61,0x72,0x61,0x6d,0x73,0x5b,0x32,0x5d,
    0x2e,0x7a,0x20,0x2a,0x20,0x28,0x74,0x65,0x78,0x74,0x75,0x72,0x65,0x28,0x6f,0x63,
    0x63,0x6c,0x75,0x73,0x69,0x6f,0x6e,0x5f,0x74,0x65,0x78,0x5f,0x6f,0x63,0x63,0x6c,
    0x75,0x73,0x69,0x6f,0x6e,0x5f,0x73,0x6d,0x70,0x2c,0x20,0x74,0x65,0x78,0x5f,0x75,
    0x76,0x28,0x70,0x61,0x72,0x61,0x6d,0x5f,0x35,0x29,0x29,0x2e,0x78,0x20,0x2d,0x20,
    0x31,0x2e,0x30,0x29,0x29,0x29,0x3b,0x0a,0x20,0x20,0x20,0x20,0x69,0x6e,0x74,0x20,
    0x5f,0x38,0x34,0x31,0x20,0x3d,0x20,0x69,0x6e,0x74,0x28,0x66,0x73,0x5f,0x70,0x61,
    0x72,0x61,0x6d,0x73,0x5b,0x33,0x5d,0x2e,0x79,0x29,0x3b,0x0a,0x20,0x20,0x20,0x20,
    0x68,0x69,0x67,0x68,0x70,0x20,0x76,0x65,0x63,0x33,0x20,0x6c,0x69,0x67,0x68,0x74,
    0x5f,0x64,0x69,0x72,0x3b,0x0a,0x20,0x20,0x20,0x20,0x68,0x69,0x67,0x68,0x70,0x20,
    0x76,0x65,0x63,0x33,0x20,0x5f,0x38,0x39,0x35,0x3b,0x0a,0x20,0x20,0x20,0x20,0x66,
    0x6f,0x72,0x20,0x28,0x69,0x6e,0x74,0x20,0x69,0x20,0x3d,0x20,0x30,0x3b,0x20,0x69,
    0x20,0x3c,0x20,0x38,0x3b,0x20,0x69,0x2b,0x2b,0x29,0x0a,0x20,0x20,0x20,0x20,0x7b,
    0x0a,0x20,0x20,0x20,0x20,0x20,0x20,0x20,0x20,0x69,0x66,0x20,0x28,0x69,0x20,0x3e,
    0x3d,0x20,0x5f,0x38,0x34,0x31,0x29,0x0a,0x20,0x20,0x20,0x20,0x20,0x20,0x20,0x20,
    0x7b,0x0a,0x20,0x20,0x20,0x20,0x20,0x20,0x20,0x20,0x20,0x20,0x20,0x20,0x62,0x72,
    0x65,0x61,0x6b,0x3b,0x0a,0x20,0x20,0x20,0x20,0x20,0x20,0x20,0x20,0x7d,0x0a,0x20,
    0x20,0x20,0x20,0x20,0x20,0x20,0x20,0x68,0x69,0x67,0x68,0x70,0x20,0x66,0x6c,0x6f,
    0x61,0x74,0x20,0x66,0x61,0x6c,0x6c,0x6f,0x66,0x66,0x20,0x3d,0x20,0x31,0x2e,0x30,
    0x3b,0x0a,0x20,0x20,0x20,0x20,0x20,0x20,0x20,0x20,0x69,0x6e,0x74,0x20,0x5f,0x38,
    0x37,0x31,0x20,0x3d,0x20,0x69,0x6e,0x74,0x28,0x66,0x73,0x5f,0x6c,0x69,0x67,0x68,
    0x74,0x73,0x5b,0x69,0x20,0x2a,0x20,0x31,0x20,0x2b,0x20,0x38,0x5d,0x2e,0x77,0x20,
    0x2b,0x20,0x30,0x2e,0x35,0x29,0x3b,0x0a,0x20,0x20,0x20,0x20,0x20,0x20,0x20,0x20,
    0x69,0x66,0x20,0x28,0x5f,0x38,0x37,0x31,0x20,0x3d,0x3d,0x20,0x30,0x29,0x0a,0x20,
    0x20,0x20,0x20,0x20,0x20,0x20,0x20,0x7b,0x0a,0x20,0x20,0x20,0x20,0x20,0x20,0x20,
    0x20,0x20,0x20,0x20,0x20,0x6c,0x69,0x67,0x68,0x74,0x5f,0x64,0x69,0x72,0x20,0x3d,
    0x20,0x6e,0x6f,0x72,0x6d,0x61,0x6c,0x69,0x7a,0x65,0x28,0x66,0x73,0x5f,0x6c,0x69,
    0x67,0x68,0x74,0x73,0x5b,0x69,0x20,0x2a,0x20,0x31,0x20,0x2b,0x20,0x38,0x5d,0x2e,
    0x78,0x79,0x7a,0x29,0x3b,0x0a,0x20,0x20,0x20,0x20,0x20,0x20,0x20,0x20,0x7d,0x0a,
    0x20,0x20,0x20,0x20,0x20,0x20,0x20,0x20,0x65,0x6c,0x73,0x65,0x0a,0x20,0x20,0x20,
    0x20,0x20,0x20,0x20,0x20,0x7b,0x0a,0x20,0x20,0x20,0x20,0x20,0x20,0x20,0x20,0x20,
    0x20,0x20,0x20,0x68,0x69,0x67,0x68,0x70,0x20,0x76,0x65,0x63,0x33,0x20,0x5f,0x38,
    0x38,0x39,0x20,0x3d,0x20,0x76,0x5f,0x77,0x6f,0x72,0x6c,0x64,0x5f,0x70,0x6f,0x73,
    0x20,0x2d,0x20,0x66,0x73,0x5f,0x6c,0x69,0x67,0x68,0x74,0x73,0x5b,0x69,0x20,0x2a,
    0x20,0x31,0x20,0x2b,0x20,0x30,0x5d,0x2e,0x78,0x79,0x7a,0x3b,0x0a,0x20,0x20,0x20,
    0x20,0x20,0x20,0x20,0x20,0x20,0x20,0x20,0x20,0x68,0x69,0x67,0x68,0x70,0x20,0x66,
    0x6c,0x6f,0x61,0x74,0x20,0x5f,0x38,0x39,0x32,0x20,0x3d,0x20,0x6c,0x65,0x6e,0x67,
    0x74,0x68,0x28,0x5f,0x38,0x38,0x39,0x29,0x3b,0x0a,0x20,0x20,0x20,0x20,0x20,0x20,
    0x20,0x20,0x20,0x20,0x20,0x20,0x69,0x66,0x20,0x28,0x5f,0x38,0x39,0x32,0x20,0x3e,
    0x20,0x39,0x2e,0x39,0x39,0x39,0x39,0x39,0x39,0x39,0x37,0x34,0x37,0x35,0x32,0x34,
    0x32,0x37,0x30,0x37,0x38,0x37,0x38,0x33,0x35,0x31,0x32,0x31,0x31,0x35,0x34,0x37,
    0x38,0x35,0x65,0x2d,0x30,0x37,0x29,0x0a,0x20,0x20,0x20,0x20,0x20,0x20,0x20,0x20,
    0x20,0x20,0x20,0x20,0x7b,0x0a,0x20,0x20,0x20,0x20,0x20,0x20,0x20,0x20,0x20,0x20,
    0x20,0x20,0x20,0x20,0x20,0x20,0x5f,0x38,0x39,0x35,0x20,0x3d,0x20,0x5f,0x38,0x38,
    0x39,0x20,0x2f,0x20,0x76,0x65,0x63,0x33,0x28,0x5f,0x38,0x39,0x32,0x29,0x3b,0x0a,
    0x20,0x20,0x20,0x20,0x20,0x20,0x20,0x20,0x20,0x20,0x20,0x20,0x7d,0x0a,0x20,0x20,
    0x20,0x20,0x20,0x20,0x20,0x20,0x20,0x20,0x20,0x20,0x65,0x6c,0x73,0x65,0x0a,0x20,
    0x20,0x20,0x20,0x20,0x20,0x20,0x20,0x20,0x20,0x20,0x20,0x7b,0x0a,0x20,0x20,0x20,
    0x20,0x20,0x20,0x20,0x20,0x20,0x20,0x20,0x20,0x20,0x20,0x20,0x20,0x5f,0x38,0x39,
    0x35,0x20,0x3d,0x20,0x76,0x65,0x63,0x33,0x28,0x30,0x2e,0x30,0x2c,0x20,0x2d,0x31,
    0x2e,0x30,0x2c,0x20,0x30,0x2e,0x30,0x29,0x3b,0x0a,0x20,0x20,0x20,0x20,0x20,0x20,
    0x20,0x20,0x20,0x20,0x20,0x20,0x7d,0x0a,0x20,0x20,0x20,0x20,0x20,0x20,0x20,0x20,
    0x20,0x20,0x20,0x20,0x6c,0x69,0x67,0x68,0x74,0x5f,0x64,0x69,0x72,0x20,0x3d,0x20,
    0x5f,0x38,0x39,0x35,0x3b,0x0a,0x20,0x20,0x20,0x20,0x20,0x20,0x20,0x20,0x20,0x20,
    0x20,0x20,0x68,0x69,0x67,0x68,0x70,0x20,0x66,0x6c,0x6f,0x61,0x74,0x20,0x70,0x61,
    0x72,0x61,0x6d,0x5f,0x36,0x20,0x3d,0x20,0x5f,0x38,0x39,0x32,0x3b,0x0a,0x20,0x20,
    0x20,0x20,0x20,0x20,0x20,0x20,0x20,0x20,0x20,0x20,0x68,0x69,0x67,0x68,0x70,0x20,
    0x66,0x6c,0x6f,0x61,0x74,0x20,0x70,0x61,0x72,0x61,0x6d,0x5f,0x37,0x20,0x3d,0x20,
    0x66,0x73,0x5f,0x6c,0x69,0x67,0x68,0x74,0x73,0x5b,0x69,0x20,0x2a,0x20,0x31,0x20,
    0x2b,0x20,0x30,0x5d,0x2e,0x77,0x3b,0x0a,0x20,0x20,0x20,0x20,0x20,0x20,0x20,0x20,
    0x20,0x20,0x20,0x20,0x66,0x61,0x6c,0x6c,0x6f,0x66,0x66,0x20,0x3d,0x20,0x61,0x74,
    0x74,0x65,0x6e,0x75,0x61,0x74,0x69,0x6f,0x6e,0x28,0x70,0x61,0x72,0x61,0x6d,0x5f,
    0x36,0x2c,0x20,0x70,0x61,0x72,0x61,0x6d,0x5f,0x37,0x29,0x3b,0x0a,0x20,0x20,0x20,
    0x20,0x20,0x20,0x20,0x20,0x20,0x20,0x20,0x20,0x69,0x66,0x20,0x28,0x5f,0x38,0x37,
    0x31,0x20,0x3d,0x3d,0x20,0x32,0x29,0x0a,0x20,0x20,0x20,0x20,0x20,0x20,0x20,0x20,
    0x20,0x20,0x20,0x20,0x7b,0x0a,0x20,0x20,0x20,0x20,0x20,0x20,0x20,0x20,0x20,0x20,
    0x20,0x20,0x20,0x20,0x20,0x20,0x68,0x69,0x67,0x68,0x70,0x20,0x66,0x6c,0x6f,0x61,
    0x74,0x20,0x70,0x61,0x72,0x61,0x6d,0x5f,0x38,0x20,0x3d,0x20,0x64,0x6f,0x74,0x28,
    0x6c,0x69,0x67,0x68,0x74,0x5f,0x64,0x69,0x72,0x2c,0x20,0x6e,0x6f,0x72,0x6d,0x61,
    0x6c,0x69,0x7a,0x65,0x28,0x66,0x73,0x5f,0x6c,0x69,0x67,0x68,0x74,0x73,0x5b,0x69,
    0x20,0x2a,0x20,0x31,0x20,0x2b,0x20,0x38,0x5d,0x2e,0x78,0x79,0x7a,0x29,0x29,0x3b,
    0x0a,0x20,0x20,0x20,0x20,0x20,0x20,0x20,0x20,0x20,0x20,0x20,0x20,0x20,0x20,0x20,
    0x20,0x68,0x69,0x67,0x68,0x70,0x20,0x66,0x6c,0x6f,0x61,0x74,0x20,0x70,0x61,0x72,
    0x61,0x6d,0x5f,0x39,0x20,0x3d,0x20,0x66,0x73,0x5f,0x6c,0x69,0x67,0x68,0x74,0x73,
    0x5b,0x69,0x20,0x2a,0x20,0x31,0x20,0x2b,0x20,0x32,0x34,0x5d,0x2e,0x78,0x3b,0x0a,
    0x20,0x20,0x20,0x20,0x20,0x20,0x20,0x20,0x20,0x20,0x20,0x20,0x20,0x20,0x20,0x20,
    0x68,0x69,0x67,0x68,0x70,0x20,0x66,0x6c,0x6f,0x61,0x74,0x20,0x70,0x61,0x72,0x61,
    0x6d,0x5f,0x31,0x30,0x20,0x3d,0x20,0x66,0x73,0x5f,0x6c,0x69,0x67,0x68,0x74,0x73,
    0x5b,0x69,0x20,0x2a,0x20,0x31,0x20,0x2b,0x20,0x32,0x34,0x5d,0x2e,0x79,0x3b,0x0a,
    0x20,0x20,0x20,0x20,0x20,0x20,0x20,0x20,0x20,0x20,0x20,0x20,0x20,0x20,0x20,0x20,
    0x66,0x61,0x6c,0x6c,0x6f,0x66,0x66,0x20,0x2a,0x3d,0x20,0x73,0x70,0x6f,0x74,0x5f,
    0x66,0x61,0x63,0x74,0x6f,0x72,0x28,0x70,0x61,0x72,0x61,0x6d,0x5f,0x38,0x2c,0x20,
    0x70,0x61,0x72,0x61,0x6d,0x5f,0x39,0x2c,0x20,0x70,0x61,0x72,0x61,0x6d,0x5f,0x31,
    0x30,0x29,0x3b,0x0a,0x20,0x20,0x20,0x20,0x20,0x20,0x20,0x20,0x20,0x20,0x20,0x20,
    0x7d,0x0a,0x20,0x20,0x20,0x20,0x20,0x20,0x20,0x20,0x7d,0x0a,0x20,0x20,0x20,0x20,
    0x20,0x20,0x20,0x20,0x68,0x69,0x67,0x68,0x70,0x20,0x76,0x65,0x63,0x33,0x20,0x5f,
    0x39,0x33,0x37,0x20,0x3d,0x20,0x2d,0x6c,0x69,0x67,0x68,0x74,0x5f,0x64,0x69,0x72,
    0x3b,0x0a,0x20,0x20,0x20,0x20,0x20,0x20,0x20,0x20,0x68,0x69,0x67,0x68,0x70,0x20,
    0x66,0x6c,0x6f,0x61,0x74,0x20,0x5f,0x39,0x34,0x31,0x20,0x3d,0x20,0x64,0x6f,0x74,
    0x28,0x6e,0x2c,0x20,0x5f,0x39,0x33,0x37,0x29,0x3b,0x0a,0x20,0x20,0x20,0x20,0x20,
    0x20,0x20,0x20,0x69,0x66,0x20,0x28,0x28,0x5f,0x39,0x34,0x31,0x20,0x3c,0x3d,0x20,
    0x30,0x2e,0x30,0x29,0x20,0x7c,0x7c,0x20,0x28,0x66,0x61,0x6c,0x6c,0x6f,0x66,0x66,
    0x20,0x3c,0x3d,0x20,0x30,0x2e,0x30,0x29,0x29,0x0a,0x20,0x20,0x20,0x20,0x20,0x20,
    0x20,0x20,0x7b,0x0a,0x20,0x20,0x20,0x20,0x20,0x20,0x20,0x20,0x20,0x20,0x20,0x20,
    0x63,0x6f,0x6e,0x74,0x69,0x6e,0x75,0x65,0x3b,0x0a,0x20,0x20,0x20,0x20,0x20,0x20,
    0x20,0x20,0x7d,0x0a,0x20,0x20,0x20,0x20,0x20,0x20,0x20,0x20,0x68,0x69,0x67,0x68,
    0x70,0x20,0x76,0x65,0x63,0x33,0x20,0x5f,0x39,0x35,0x34,0x20,0x3d,0x20,0x6e,0x6f,
    0x72,0x6d,0x61,0x6c,0x69,0x7a,0x65,0x28,0x5f,0x39,0x33,0x37,0x20,0x2b,0x20,0x5f,
    0x38,0x30,0x36,0x29,0x3b,0x0a,0x20,0x20,0x20,0x20,0x20,0x20,0x20,0x20,0x68,0x69,
    0x67,0x68,0x70,0x20,0x66,0x6c,0x6f,0x61,0x74,0x20,0x5f,0x39,0x35,0x39,0x20,0x3d,
    0x20,0x63,0x6c,0x61,0x6d,0x70,0x28,0x64,0x6f,0x74,0x28,0x6e,0x2c,0x20,0x5f,0x39,
    0x35,0x34,0x29,0x2c,0x20,0x30,0x2e,0x30,0x2c,0x20,0x31,0x2e,0x30,0x29,0x3b,0x0a,
    0x20,0x20,0x20,0x20,0x20,0x20,0x20,0x20,0x68,0x69,0x67,0x68,0x70,0x20,0x76,0x65,
    0x63,0x33,0x20,0x5f,0x39,0x37,0x35,0x20,0x3d,0x20,0x5f,0x37,0x39,0x32,0x20,0x2b,
    0x20,0x28,0x28,0x76,0x65,0x63,0x33,0x28,0x31,0x2e,0x30,0x29,0x20,0x2d,0x20,0x5f,
    0x37,0x39,0x32,0x29,0x20,0x2a,0x20,0x70,0x6f,0x77,0x28,0x31,0x2e,0x30,0x20,0x2d,
    0x20,0x63,0x6c,0x61,0x6d,0x70,0x28,0x64,0x6f,0x74,0x28,0x5f,0x38,0x30,0x36,0x2c,
    0x20,0x5f,0x39,0x35,0x34,0x29,0x2c,0x20,0x30,0x2e,0x30,0x2c,0x20,0x31,0x2e,0x30,
    0x29,0x2c,0x20,0x35,0x2e,0x30,0x29,0x29,0x3b,0x0a,0x20,0x20,0x20,0x20,0x20,0x20,
    0x20,0x20,0x68,0x69,0x67,0x68,0x70,0x20,0x66,0x6c,0x6f,0x61,0x74,0x20,0x5f,0x39,
    0x38,0x33,0x20,0x3d,0x20,0x28,0x28,0x5f,0x39,0x35,0x39,0x20,0x2a,0x20,0x5f,0x39,
    0x35,0x39,0x29,0x20,0x2a,0x20,0x28,0x5f,0x37,0x38,0x35,0x20,0x2d,0x20,0x31,0x2e,
    0x30,0x29,0x29,0x20,0x2b,0x20,0x31,0x2e,0x30,0x3b,0x0a,0x20,0x20,0x20,0x20,0x20,
    0x20,0x20,0x20,0x68,0x69,0x67,0x68,0x70,0x20,0x66,0x6c,0x6f,0x61,0x74,0x20,0x5f,
    0x39,0x39,0x38,0x20,0x3d,0x20,0x31,0x2e,0x30,0x20,0x2d,0x20,0x5f,0x37,0x38,0x35,
    0x3b,0x0a,0x20,0x20,0x20,0x20,0x20,0x20,0x20,0x20,0x69,0x6e,0x74,0x20,0x5f,0x31,
    0x30,0x34,0x30,0x20,0x3d,0x20,0x69,0x6e,0x74,0x28,0x66,0x73,0x5f,0x6c,0x69,0x67,
    0x68,0x74,0x73,0x5b,0x69,0x20,0x2a,0x20,0x31,0x20,0x2b,0x20,0x32,0x34,0x5d,0x2e,
    0x7a,0x29,0x3b,0x0a,0x20,0x20,0x20,0x20,0x20,0x20,0x20,0x20,0x69,0x66,0x20,0x28,
    0x5f,0x31,0x30,0x34,0x30,0x20,0x3e,0x3d,0x20,0x30,0x29,0x0a,0x20,0x20,0x20,0x20,
    0x20,0x20,0x20,0x20,0x7b,0x0a,0x20,0x20,0x20,0x20,0x20,0x20,0x20,0x20,0x20,0x20,
    0x20,0x20,0x69,0x6e,0x74,0x20,0x70,0x61,0x72,0x61,0x6d,0x5f,0x31,0x31,0x20,0x3d,
    0x20,0x5f,0x31,0x30,0x34,0x30,0x3b,0x0a,0x20,0x20,0x20,0x20,0x20,0x20,0x20,0x20,
    0x20,0x20,0x20,0x20,0x68,0x69,0x67,0x68,0x70,0x20,0x76,0x65,0x63,0x33,0x20,0x70,
    0x61,0x72,0x61,0x6d,0x5f,0x31,0x32,0x20,0x3d,0x20,0x76,0x5f,0x77,0x6f,0x72,0x6c,
    0x64,0x5f,0x70,0x6f,0x73,0x3b,0x0a,0x20,0x20,0x20,0x20,0x20,0x20,0x20,0x20,0x20,
    0x20,0x20,0x20,0x68,0x69,0x67,0x68,0x70,0x20,0x76,0x65,0x63,0x33,0x20,0x70,0x61,
    0x72,0x61,0x6d,0x5f,0x31,0x33,0x20,0x3d,0x20,0x6e,0x3b,0x0a,0x20,0x20,0x20,0x20,
    0x20,0x20,0x20,0x20,0x20,0x20,0x20,0x20,0x68,0x69,0x67,0x68,0x70,0x20,0x66,0x6c,
    0x6f,0x61,0x74,0x20,0x70,0x61,0x72,0x61,0x6d,0x5f,0x31,0x34,0x20,0x3d,0x20,0x5f,
    0x39,0x34,0x31,0x3b,0x0a,0x20,0x20,0x20,0x20,0x20,0x20,0x20,0x20,0x20,0x20,0x20,
    0x20,0x68,0x69,0x67,0x68,0x70,0x20,0x66,0x6c,0x6f,0x61,0x74,0x20,0x5f,0x31,0x30,
    0x35,0x34,0x20,0x3d,0x20,0x73,0x68,0x61,0x64,0x6f,0x77,0x5f,0x66,0x61,0x63,0x74,
    0x6f,0x72,0x28,0x70,0x61,0x72,0x61,0x6d,0x5f,0x31,0x31,0x2c,0x20,0x70,0x61,0x72,
    0x61,0x6d,0x5f,0x31,0x32,0x2c,0x20,0x70,0x61,0x72,0x61,0x6d,0x5f,0x31,0x33,0x2c,
    0x20,0x70,0x61,0x72,0x61,0x6d,0x5f,0x31,0x34,0x29,0x3b,0x0a,0x20,0x20,0x20,0x20,
    0x20,0x20,0x20,0x20,0x20,0x20,0x20,0x20,0x63,0x6f,0x6c,0x6f,0x72,0x20,0x2b,0x3d,
    0x20,0x28,0x28,0x66,0x73,0x5f,0x73,0x63,0x65,0x6e,0x65,0x5b,0x5f,0x31,0x30,0x34,
    0x30,0x20,0x2a,0x20,0x31,0x20,0x2b,0x20,0x32,0x33,0x5d,0x2e,0x78,0x79,0x7a,0x20,
    0x2a,0x20,0x28,0x31,0x2e,0x30,0x20,0x2d,0x20,0x5f,0x31,0x30,0x35,0x34,0x29,0x29,
    0x20,0x2a,0x20,0x5f,0x37,0x39,0x38,0x29,0x3b,0x0a,0x20,0x20,0x20,0x20,0x20,0x20,
    0x20,0x20,0x20,0x20,0x20,0x20,0x66,0x61,0x6c,0x6c,0x6f,0x66,0x66,0x20,0x2a,0x3d,
    0x20,0x5f,0x31,0x30,0x35,0x34,0x3b,0x0a,0x20,0x20,0x20,0x20,0x20,0x20,0x20,0x20,
    0x7d,0x0a,0x20,0x20,0x20,0x20,0x20,0x20,0x20,0x20,0x63,0x6f,0x6c,0x6f,0x72,0x20,
    0x2b,0x3d,0x20,0x28,0x28,0x28,0x66,0x73,0x5f,0x6c,0x69,0x67,0x68,0x74,0x73,0x5b,
    0x69,0x20,0x2a,0x20,0x31,0x20,0x2b,0x20,0x31,0x36,0x5d,0x2e,0x78,0x79,0x7a,0x20,
    0x2a,0x20,0x66,0x61,0x6c,0x6c,0x6f,0x66,0x66,0x29,0x20,0x2a,0x20,0x5f,0x39,0x34,
    0x31,0x29,0x20,0x2a,0x20,0x28,0x28,0x28,0x28,0x76,0x65,0x63,0x33,0x28,0x31,0x2e,
    0x30,0x29,0x20,0x2d,0x20,0x5f,0x39,0x37,0x35,0x29,0x20,0x2a,0x20,0x5f,0x37,0x39,
    0x38,0x29,0x20,0x2a,0x20,0x76,0x65,0x63,0x33,0x28,0x30,0x2e,0x33,0x31,0x38,0x33,
    0x30,0x39,0x38,0x37,0x33,0x33,0x34,0x32,0x35,0x31,0x34,0x30,0x33,0x38,0x30,0x38,
    0x35,0x39,0x33,0x37,0x35,0x29,0x29,0x20,0x2b,0x20,0x28,0x28,0x5f,0x39,0x37,0x35,
    0x20,0x2a,0x20,0x28,0x5f,0x37,0x38,0x35,0x20,0x2f,0x20,0x28,0x28,0x33,0x2e,0x31,
    0x34,0x31,0x35,0x39,0x32,0x37,0x34,0x31,0x30,0x31,0x32,0x35,0x37,0x33,0x32,0x34,
    0x32,0x31,0x38,0x37,0x35,0x20,0x2a,0x20,0x5f,0x39,0x38,0x33,0x29,0x20,0x2a,0x20,
    0x5f,0x39,0x38,0x33,0x29,0x29,0x29,0x20,0x2a,0x20,0x28,0x30,0x2e,0x35,0x20,0x2f,
    0x20,0x6d,0x61,0x78,0x28,0x28,0x5f,0x39,0x34,0x31,0x20,0x2a,0x20,0x73,0x71,0x72,
    0x74,0x28,0x28,0x28,0x5f,0x38,0x31,0x32,0x20,0x2a,0x20,0x5f,0x38,0x31,0x32,0x29,
    0x20,0x2a,0x20,0x5f,0x39,0x39,0x38,0x29,0x20,0x2b,0x20,0x5f,0x37,0x38,0x35,0x29,
    0x29,0x20,0x2b,0x20,0x28,0x5f,0x38,0x31,0x32,0x20,0x2a,0x20,0x73,0x71,0x72,0x74,
    0x28,0x28,0x28,0x5f,0x39,0x34,0x31,0x20,0x2a,0x20,0x5f,0x39,0x34,0x31,0x29,0x20,
    0x2a,0x20,0x5f,0x39,0x39,0x38,0x29,0x20,0x2b,0x20,0x5f,0x37,0x38,0x35,0x29,0x29,
    0x2c,0x20,0x39,0x2e,0x39,0x39,0x39,0x39,0x39,0x39,0x39,0x37,0x34,0x37,0x35,0x32,
    0x34,0x32,0x37,0x30,0x37,0x38,0x37,0x38,0x33,0x35,0x31,0x32,0x31,0x31,0x35,0x34,
    0x37,0x38,0x35,0x65,0x2d,0x30,0x37,0x29,0x29,0x29,0x29,0x29,0x3b,0x0a,0x20,0x20,
    0x20,0x20,0x7d,0x0a,0x20,0x20,0x20,0x20,0x69,0x6e,0x74,0x20,0x70,0x61,0x72,0x61,
    0x6d,0x5f,0x31,0x35,0x20,0x3d,0x20,0x34,0x3b,0x0a,0x20,0x20,0x20,0x20,0x68,0x69,
    0x67,0x68,0x70,0x20,0x76,0x65,0x63,0x33,0x20,0x70,0x61,0x72,0x61,0x6d,0x5f,0x31,
    0x36,0x20,0x3d,0x20,0x74,0x65,0x78,0x74,0x75,0x72,0x65,0x28,0x65,0x6d,0x69,0x73,
    0x73,0x69,0x76,0x65,0x5f,0x74,0x65,0x78,0x5f,0x65,0x6d,0x69,0x73,0x73,0x69,0x76,
    0x65,0x5f,0x73,0x6d,0x70,0x2c,0x20,0x74,0x65,0x78,0x5f,0x75,0x76,0x28,0x70,0x61,
    0x72,0x61,0x6d,0x5f,0x31,0x35,0x29,0x29,0x2e,0x78,0x79,0x7a,0x3b,0x0a,0x20,0x20,
    0x20,0x20,0x68,0x69,0x67,0x68,0x70,0x20,0x76,0x65,0x63,0x33,0x20,0x5f,0x31,0x31,
    0x30,0x30,0x20,0x3d,0x20,0x63,0x6f,0x6c,0x6f,0x72,0x3b,0x0a,0x20,0x20,0x20,0x20,
    0x68,0x69,0x67,0x68,0x70,0x20,0x76,0x65,0x63,0x33,0x20,0x5f,0x31,0x31,0x30,0x31,
    0x20,0x3d,0x20,0x5f,0x31,0x31,0x30,0x30,0x20,0x2b,0x20,0x28,0x66,0x73,0x5f,0x70,
    0x61,0x72,0x61,0x6d,0x73,0x5b,0x31,0x5d,0x2e,0x78,0x79,0x7a,0x20,0x2a,0x20,0x73,
    0x72,0x67,0x62,0x5f,0x74,0x6f,0x5f,0x6c,0x69,0x6e,0x65,0x61,0x72,0x28,0x70,0x61,
    0x72,0x61,0x6d,0x5f,0x31,0x36,0x29,0x29,0x3b,0x0a,0x20,0x20,0x20,0x20,0x63,0x6f,
    0x6c,0x6f,0x72,0x20,0x3d,0x20,0x5f,0x31,0x31,0x30,0x31,0x3b,0x0a,0x20,0x20,0x20,
    0x20,0x68,0x69,0x67,0x68,0x70,0x20,0x76,0x65,0x63,0x33,0x20,0x70,0x61,0x72,0x61,
    0x6d,0x5f,0x31,0x37,0x20,0x3d,0x20,0x5f,0x31,0x31,0x30,0x31,0x3b,0x0a,0x20,0x20,
    0x20,0x20,0x68,0x69,0x67,0x68,0x70,0x20,0x76,0x65,0x63,0x33,0x20,0x5f,0x31,0x31,
    0x30,0x34,0x20,0x3d,0x20,0x74,0x6f,0x5f,0x64,0x69,0x73,0x70,0x6c,0x61,0x79,0x28,
    0x70,0x61,0x72,0x61,0x6d,0x5f,0x31,0x37,0x29,0x3b,0x0a,0x20,0x20,0x20,0x20,0x66,
    0x72,0x61,0x67,0x5f,0x63,0x6f,0x6c,0x6f,0x72,0x20,0x3d,0x20,0x76,0x65,0x63,0x34,
    0x28,0x5f,0x31,0x31,0x30,0x34,0x2c,0x20,0x5f,0x36,0x34,0x35,0x29,0x3b,0x0a,0x7d,
    0x0a,0x0a,0x00,
};
#endif
static inline const sg_shader_desc* model_shader_desc(sg_backend backend) {
    #if defined(SOKOL_GLCORE)
    if (backend == SG_BACKEND_GLCORE) {
        static sg_shader_desc desc;
        static bool valid;
        if (!valid) {
            valid = true;
            desc.vertex_func.source = (const char*)vs_source_glsl410;
            desc.vertex_func.entry = "main";
            desc.fragment_func.source = (const char*)fs_source_glsl410;
            desc.fragment_func.entry = "main";
            desc.attrs[0].base_type = SG_SHADERATTRBASETYPE_FLOAT;
            desc.attrs[0].glsl_name = "position";
            desc.attrs[1].base_type = SG_SHADERATTRBASETYPE_FLOAT;
            desc.attrs[1].glsl_name = "normal";
            desc.attrs[2].base_type = SG_SHADERATTRBASETYPE_FLOAT;
            desc.attrs[2].glsl_name = "texcoord0";
            desc.attrs[3].base_type = SG_SHADERATTRBASETYPE_FLOAT;
            desc.attrs[3].glsl_name = "texcoord1";
            desc.attrs[4].base_type = SG_SHADERATTRBASETYPE_FLOAT;
            desc.attrs[4].glsl_name = "tangent";
            desc.attrs[5].base_type = SG_SHADERATTRBASETYPE_FLOAT;
            desc.attrs[5].glsl_name = "color0";
            desc.uniform_blocks[0].stage = SG_SHADERSTAGE_VERTEX;
            desc.uniform_blocks[0].layout = SG_UNIFORMLAYOUT_STD140;
            desc.uniform_blocks[0].size = 208;
            desc.uniform_blocks[0].glsl_uniforms[0].type = SG_UNIFORMTYPE_FLOAT4;
            desc.uniform_blocks[0].glsl_uniforms[0].array_count = 13;
            desc.uniform_blocks[0].glsl_uniforms[0].glsl_name = "vs_params";
            desc.uniform_blocks[1].stage = SG_SHADERSTAGE_FRAGMENT;
            desc.uniform_blocks[1].layout = SG_UNIFORMLAYOUT_STD140;
            desc.uniform_blocks[1].size = 224;
            desc.uniform_blocks[1].glsl_uniforms[0].type = SG_UNIFORMTYPE_FLOAT4;
            desc.uniform_blocks[1].glsl_uniforms[0].array_count = 14;
            desc.uniform_blocks[1].glsl_uniforms[0].glsl_name = "fs_params";
            desc.uniform_blocks[2].stage = SG_SHADERSTAGE_FRAGMENT;
            desc.uniform_blocks[2].layout = SG_UNIFORMLAYOUT_STD140;
            desc.uniform_blocks[2].size = 512;
            desc.uniform_blocks[2].glsl_uniforms[0].type = SG_UNIFORMTYPE_FLOAT4;
            desc.uniform_blocks[2].glsl_uniforms[0].array_count = 32;
            desc.uniform_blocks[2].glsl_uniforms[0].glsl_name = "fs_scene";
            desc.uniform_blocks[3].stage = SG_SHADERSTAGE_FRAGMENT;
            desc.uniform_blocks[3].layout = SG_UNIFORMLAYOUT_STD140;
            desc.uniform_blocks[3].size = 512;
            desc.uniform_blocks[3].glsl_uniforms[0].type = SG_UNIFORMTYPE_FLOAT4;
            desc.uniform_blocks[3].glsl_uniforms[0].array_count = 32;
            desc.uniform_blocks[3].glsl_uniforms[0].glsl_name = "fs_lights";
            desc.views[0].texture.stage = SG_SHADERSTAGE_FRAGMENT;
            desc.views[0].texture.image_type = SG_IMAGETYPE_2D;
            desc.views[0].texture.sample_type = SG_IMAGESAMPLETYPE_FLOAT;
            desc.views[0].texture.multisampled = false;
            desc.views[1].texture.stage = SG_SHADERSTAGE_FRAGMENT;
            desc.views[1].texture.image_type = SG_IMAGETYPE_2D;
            desc.views[1].texture.sample_type = SG_IMAGESAMPLETYPE_FLOAT;
            desc.views[1].texture.multisampled = false;
            desc.views[2].texture.stage = SG_SHADERSTAGE_FRAGMENT;
            desc.views[2].texture.image_type = SG_IMAGETYPE_2D;
            desc.views[2].texture.sample_type = SG_IMAGESAMPLETYPE_FLOAT;
            desc.views[2].texture.multisampled = false;
            desc.views[3].texture.stage = SG_SHADERSTAGE_FRAGMENT;
            desc.views[3].texture.image_type = SG_IMAGETYPE_2D;
            desc.views[3].texture.sample_type = SG_IMAGESAMPLETYPE_FLOAT;
            desc.views[3].texture.multisampled = false;
            desc.views[4].texture.stage = SG_SHADERSTAGE_FRAGMENT;
            desc.views[4].texture.image_type = SG_IMAGETYPE_2D;
            desc.views[4].texture.sample_type = SG_IMAGESAMPLETYPE_FLOAT;
            desc.views[4].texture.multisampled = false;
            desc.views[8].texture.stage = SG_SHADERSTAGE_FRAGMENT;
            desc.views[8].texture.image_type = SG_IMAGETYPE_ARRAY;
            desc.views[8].texture.sample_type = SG_IMAGESAMPLETYPE_DEPTH;
            desc.views[8].texture.multisampled = false;
            desc.samplers[0].stage = SG_SHADERSTAGE_FRAGMENT;
            desc.samplers[0].sampler_type = SG_SAMPLERTYPE_FILTERING;
            desc.samplers[1].stage = SG_SHADERSTAGE_FRAGMENT;
            desc.samplers[1].sampler_type = SG_SAMPLERTYPE_FILTERING;
            desc.samplers[2].stage = SG_SHADERSTAGE_FRAGMENT;
            desc.samplers[2].sampler_type = SG_SAMPLERTYPE_FILTERING;
            desc.samplers[3].stage = SG_SHADERSTAGE_FRAGMENT;
            desc.samplers[3].sampler_type = SG_SAMPLERTYPE_FILTERING;
            desc.samplers[4].stage = SG_SHADERSTAGE_FRAGMENT;
            desc.samplers[4].sampler_type = SG_SAMPLERTYPE_FILTERING;
            desc.samplers[8].stage = SG_SHADERSTAGE_FRAGMENT;
            desc.samplers[8].sampler_type = SG_SAMPLERTYPE_COMPARISON;
            desc.texture_sampler_pairs[0].stage = SG_SHADERSTAGE_FRAGMENT;
            desc.texture_sampler_pairs[0].view_slot = 0;
            desc.texture_sampler_pairs[0].sampler_slot = 0;
            desc.texture_sampler_pairs[0].glsl_name = "base_color_tex_base_color_smp";
            desc.texture_sampler_pairs[1].stage = SG_SHADERSTAGE_FRAGMENT;
            desc.texture_sampler_pairs[1].view_slot = 2;
            desc.texture_sampler_pairs[1].sampler_slot = 2;
            desc.texture_sampler_pairs[1].glsl_name = "normal_tex_normal_smp";
            desc.texture_sampler_pairs[2].stage = SG_SHADERSTAGE_FRAGMENT;
            desc.texture_sampler_pairs[2].view_slot = 1;
            desc.texture_sampler_pairs[2].sampler_slot = 1;
            desc.texture_sampler_pairs[2].glsl_name = "metallic_roughness_tex_metallic_roughness_smp";
            desc.texture_sampler_pairs[3].stage = SG_SHADERSTAGE_FRAGMENT;
            desc.texture_sampler_pairs[3].view_slot = 3;
            desc.texture_sampler_pairs[3].sampler_slot = 3;
            desc.texture_sampler_pairs[3].glsl_name = "occlusion_tex_occlusion_smp";
            desc.texture_sampler_pairs[4].stage = SG_SHADERSTAGE_FRAGMENT;
            desc.texture_sampler_pairs[4].view_slot = 8;
            desc.texture_sampler_pairs[4].sampler_slot = 8;
            desc.texture_sampler_pairs[4].glsl_name = "shadow_tex_shadow_smp";
            desc.texture_sampler_pairs[5].stage = SG_SHADERSTAGE_FRAGMENT;
            desc.texture_sampler_pairs[5].view_slot = 4;
            desc.texture_sampler_pairs[5].sampler_slot = 4;
            desc.texture_sampler_pairs[5].glsl_name = "emissive_tex_emissive_smp";
            desc.label = "model_shader";
        }
        return &desc;
    }
    #endif /* SOKOL_GLCORE */
    #if defined(SOKOL_GLES3)
    if (backend == SG_BACKEND_GLES3) {
        static sg_shader_desc desc;
        static bool valid;
        if (!valid) {
            valid = true;
            desc.vertex_func.source = (const char*)vs_source_glsl300es;
            desc.vertex_func.entry = "main";
            desc.fragment_func.source = (const char*)fs_source_glsl300es;
            desc.fragment_func.entry = "main";
            desc.attrs[0].base_type = SG_SHADERATTRBASETYPE_FLOAT;
            desc.attrs[0].glsl_name = "position";
            desc.attrs[1].base_type = SG_SHADERATTRBASETYPE_FLOAT;
            desc.attrs[1].glsl_name = "normal";
            desc.attrs[2].base_type = SG_SHADERATTRBASETYPE_FLOAT;
            desc.attrs[2].glsl_name = "texcoord0";
            desc.attrs[3].base_type = SG_SHADERATTRBASETYPE_FLOAT;
            desc.attrs[3].glsl_name = "texcoord1";
            desc.attrs[4].base_type = SG_SHADERATTRBASETYPE_FLOAT;
            desc.attrs[4].glsl_name = "tangent";
            desc.attrs[5].base_type = SG_SHADERATTRBASETYPE_FLOAT;
            desc.attrs[5].glsl_name = "color0";
            desc.uniform_blocks[0].stage = SG_SHADERSTAGE_VERTEX;
            desc.uniform_blocks[0].layout = SG_UNIFORMLAYOUT_STD140;
            desc.uniform_blocks[0].size = 208;
            desc.uniform_blocks[0].glsl_uniforms[0].type = SG_UNIFORMTYPE_FLOAT4;
            desc.uniform_blocks[0].glsl_uniforms[0].array_count = 13;
            desc.uniform_blocks[0].glsl_uniforms[0].glsl_name = "vs_params";
            desc.uniform_blocks[1].stage = SG_SHADERSTAGE_FRAGMENT;
            desc.uniform_blocks[1].layout = SG_UNIFORMLAYOUT_STD140;
            desc.uniform_blocks[1].size = 224;
            desc.uniform_blocks[1].glsl_uniforms[0].type = SG_UNIFORMTYPE_FLOAT4;
            desc.uniform_blocks[1].glsl_uniforms[0].array_count = 14;
            desc.uniform_blocks[1].glsl_uniforms[0].glsl_name = "fs_params";
            desc.uniform_blocks[2].stage = SG_SHADERSTAGE_FRAGMENT;
            desc.uniform_blocks[2].layout = SG_UNIFORMLAYOUT_STD140;
            desc.uniform_blocks[2].size = 512;
            desc.uniform_blocks[2].glsl_uniforms[0].type = SG_UNIFORMTYPE_FLOAT4;
            desc.uniform_blocks[2].glsl_uniforms[0].array_count = 32;
            desc.uniform_blocks[2].glsl_uniforms[0].glsl_name = "fs_scene";
            desc.uniform_blocks[3].stage = SG_SHADERSTAGE_FRAGMENT;
            desc.uniform_blocks[3].layout = SG_UNIFORMLAYOUT_STD140;
            desc.uniform_blocks[3].size = 512;
            desc.uniform_blocks[3].glsl_uniforms[0].type = SG_UNIFORMTYPE_FLOAT4;
            desc.uniform_blocks[3].glsl_uniforms[0].array_count = 32;
            desc.uniform_blocks[3].glsl_uniforms[0].glsl_name = "fs_lights";
            desc.views[0].texture.stage = SG_SHADERSTAGE_FRAGMENT;
            desc.views[0].texture.image_type = SG_IMAGETYPE_2D;
            desc.views[0].texture.sample_type = SG_IMAGESAMPLETYPE_FLOAT;
            desc.views[0].texture.multisampled = false;
            desc.views[1].texture.stage = SG_SHADERSTAGE_FRAGMENT;
            desc.views[1].texture.image_type = SG_IMAGETYPE_2D;
            desc.views[1].texture.sample_type = SG_IMAGESAMPLETYPE_FLOAT;
            desc.views[1].texture.multisampled = false;
            desc.views[2].texture.stage = SG_SHADERSTAGE_FRAGMENT;
            desc.views[2].texture.image_type = SG_IMAGETYPE_2D;
            desc.views[2].texture.sample_type = SG_IMAGESAMPLETYPE_FLOAT;
            desc.views[2].texture.multisampled = false;
            desc.views[3].texture.stage = SG_SHADERSTAGE_FRAGMENT;
            desc.views[3].texture.image_type = SG_IMAGETYPE_2D;
            desc.views[3].texture.sample_type = SG_IMAGESAMPLETYPE_FLOAT;
            desc.views[3].texture.multisampled = false;
            desc.views[4].texture.stage = SG_SHADERSTAGE_FRAGMENT;
            desc.views[4].texture.image_type = SG_IMAGETYPE_2D;
            desc.views[4].texture.sample_type = SG_IMAGESAMPLETYPE_FLOAT;
            desc.views[4].texture.multisampled = false;
            desc.views[8].texture.stage = SG_SHADERSTAGE_FRAGMENT;
            desc.views[8].texture.image_type = SG_IMAGETYPE_ARRAY;
            desc.views[8].texture.sample_type = SG_IMAGESAMPLETYPE_DEPTH;
            desc.views[8].texture.multisampled = false;
            desc.samplers[0].stage = SG_SHADERSTAGE_FRAGMENT;
            desc.samplers[0].sampler_type = SG_SAMPLERTYPE_FILTERING;
            desc.samplers[1].stage = SG_SHADERSTAGE_FRAGMENT;
            desc.samplers[1].sampler_type = SG_SAMPLERTYPE_FILTERING;
            desc.samplers[2].stage = SG_SHADERSTAGE_FRAGMENT;
            desc.samplers[2].sampler_type = SG_SAMPLERTYPE_FILTERING;
            desc.samplers[3].stage = SG_SHADERSTAGE_FRAGMENT;
            desc.samplers[3].sampler_type = SG_SAMPLERTYPE_FILTERING;
            desc.samplers[4].stage = SG_SHADERSTAGE_FRAGMENT;
            desc.samplers[4].sampler_type = SG_SAMPLERTYPE_FILTERING;
            desc.samplers[8].stage = SG_SHADERSTAGE_FRAGMENT;
            desc.samplers[8].sampler_type = SG_SAMPLERTYPE_COMPARISON;
            desc.texture_sampler_pairs[0].stage = SG_SHADERSTAGE_FRAGMENT;
            desc.texture_sampler_pairs[0].view_slot = 0;
            desc.texture_sampler_pairs[0].sampler_slot = 0;
            desc.texture_sampler_pairs[0].glsl_name = "base_color_tex_base_color_smp";
            desc.texture_sampler_pairs[1].stage = SG_SHADERSTAGE_FRAGMENT;
            desc.texture_sampler_pairs[1].view_slot = 2;
            desc.texture_sampler_pairs[1].sampler_slot = 2;
            desc.texture_sampler_pairs[1].glsl_name = "normal_tex_normal_smp";
            desc.texture_sampler_pairs[2].stage = SG_SHADERSTAGE_FRAGMENT;
            desc.texture_sampler_pairs[2].view_slot = 1;
            desc.texture_sampler_pairs[2].sampler_slot = 1;
            desc.texture_sampler_pairs[2].glsl_name = "metallic_roughness_tex_metallic_roughness_smp";
            desc.texture_sampler_pairs[3].stage = SG_SHADERSTAGE_FRAGMENT;
            desc.texture_sampler_pairs[3].view_slot = 3;
            desc.texture_sampler_pairs[3].sampler_slot = 3;
            desc.texture_sampler_pairs[3].glsl_name = "occlusion_tex_occlusion_smp";
            desc.texture_sampler_pairs[4].stage = SG_SHADERSTAGE_FRAGMENT;
            desc.texture_sampler_pairs[4].view_slot = 8;
            desc.texture_sampler_pairs[4].sampler_slot = 8;
            desc.texture_sampler_pairs[4].glsl_name = "shadow_tex_shadow_smp";
            desc.texture_sampler_pairs[5].stage = SG_SHADERSTAGE_FRAGMENT;
            desc.texture_sampler_pairs[5].view_slot = 4;
            desc.texture_sampler_pairs[5].sampler_slot = 4;
            desc.texture_sampler_pairs[5].glsl_name = "emissive_tex_emissive_smp";
            desc.label = "model_shader";
        }
        return &desc;
    }
    #endif /* SOKOL_GLES3 */
    return 0;
}
